,Date,# of Comments
0,02/01/2021 23:00,338
1,02/01/2021 22:00,410
2,02/01/2021 21:00,448
3,02/01/2021 20:00,533
4,02/01/2021 19:00,664
5,02/01/2021 18:00,882
6,02/01/2021 17:00,1080
7,02/01/2021 16:00,1159
8,02/01/2021 15:00,1183
9,02/01/2021 14:00,1177
10,02/01/2021 13:00,1188
11,02/01/2021 12:00,1182
12,02/01/2021 11:00,1200
13,02/01/2021 10:00,1200
14,02/01/2021 09:00,1193
15,02/01/2021 08:00,993
16,02/01/2021 07:00,724
17,02/01/2021 06:00,447
18,02/01/2021 05:00,349
19,02/01/2021 04:00,348
20,02/01/2021 03:00,346
21,02/01/2021 02:00,442
22,02/01/2021 01:00,408
23,02/01/2021 00:00,382
24,01/31/2021 23:00,442
25,01/31/2021 22:00,528
26,01/31/2021 21:00,516
27,01/31/2021 20:00,562
28,01/31/2021 19:00,626
29,01/31/2021 18:00,688
30,01/31/2021 17:00,631
31,01/31/2021 16:00,703
32,01/31/2021 15:00,479
33,01/31/2021 14:00,446
34,01/31/2021 13:00,533
35,01/31/2021 12:00,509
36,01/31/2021 11:00,456
37,01/31/2021 10:00,387
38,01/31/2021 09:00,344
39,01/31/2021 08:00,276
40,01/31/2021 07:00,172
41,01/31/2021 06:00,126
42,01/31/2021 05:00,83
43,01/31/2021 04:00,106
44,01/31/2021 03:00,71
45,01/31/2021 02:00,122
46,01/31/2021 01:00,118
47,01/31/2021 00:00,376
48,01/30/2021 23:00,363
49,01/30/2021 22:00,411
50,01/30/2021 21:00,450
51,01/30/2021 20:00,428
52,01/30/2021 19:00,413
53,01/30/2021 18:00,428
54,01/30/2021 17:00,487
55,01/30/2021 16:00,455
56,01/30/2021 15:00,461
57,01/30/2021 14:00,443
58,01/30/2021 13:00,421
59,01/30/2021 12:00,407
60,01/30/2021 11:00,418
61,01/30/2021 10:00,259
62,01/30/2021 09:00,247
63,01/30/2021 08:00,181
64,01/30/2021 07:00,215
65,01/30/2021 06:00,184
66,01/30/2021 05:00,227
67,01/30/2021 04:00,234
68,01/30/2021 03:00,224
69,01/30/2021 02:00,238
70,01/30/2021 01:00,295
71,01/30/2021 00:00,260
72,01/29/2021 23:00,303
73,01/29/2021 22:00,370
74,01/29/2021 21:00,550
75,01/29/2021 20:00,482
76,01/29/2021 19:00,495
77,01/29/2021 18:00,612
78,01/29/2021 17:00,554
79,01/29/2021 16:00,851
80,01/29/2021 15:00,1200
81,01/29/2021 14:00,1200
82,01/29/2021 13:00,1200
83,01/29/2021 12:00,1200
84,01/29/2021 11:00,1200
85,01/29/2021 10:00,1200
86,01/29/2021 09:00,1200
87,01/29/2021 08:00,1017
88,01/29/2021 07:00,559
89,01/29/2021 06:00,561
90,01/29/2021 05:00,633
91,01/29/2021 04:00,645
92,01/29/2021 03:00,615
93,01/29/2021 02:00,717
94,01/29/2021 01:00,866
95,01/29/2021 00:00,986
96,01/28/2021 23:00,922
97,01/28/2021 22:00,1000
98,01/28/2021 21:00,890
99,01/28/2021 20:00,923
100,01/28/2021 19:00,1114
101,01/28/2021 18:00,1007
102,01/28/2021 17:00,1116
103,01/28/2021 16:00,1200
104,01/28/2021 15:00,1200
105,01/28/2021 14:00,1200
106,01/28/2021 13:00,1187
107,01/28/2021 12:00,1200
108,01/28/2021 11:00,1200
109,01/28/2021 10:00,1200
110,01/28/2021 09:00,1200
111,01/28/2021 08:00,1183
112,01/28/2021 07:00,1006
113,01/28/2021 06:00,860
114,01/28/2021 05:00,734
115,01/28/2021 04:00,641
116,01/28/2021 03:00,728
117,01/28/2021 02:00,740
118,01/28/2021 01:00,798
119,01/28/2021 00:00,894
120,01/27/2021 23:00,869
121,01/27/2021 22:00,763
122,01/27/2021 21:00,1042
123,01/27/2021 20:00,1197
124,01/27/2021 19:00,334
125,01/27/2021 18:00,634
126,01/27/2021 17:00,1196
127,01/27/2021 16:00,1200
128,01/27/2021 15:00,1155
129,01/27/2021 14:00,1199
130,01/27/2021 13:00,615
131,01/27/2021 12:00,1200
132,01/27/2021 11:00,1128
133,01/27/2021 10:00,984
134,01/27/2021 09:00,43
135,01/24/2021 07:00,6
136,01/24/2021 06:00,13
137,01/24/2021 05:00,11
138,01/24/2021 04:00,20
139,01/24/2021 03:00,30
140,01/24/2021 02:00,74
141,01/24/2021 01:00,74
142,01/24/2021 00:00,67
143,01/23/2021 23:00,102
144,01/23/2021 22:00,94
145,01/23/2021 21:00,118
146,01/23/2021 20:00,109
147,01/23/2021 19:00,132
148,01/23/2021 18:00,142
149,01/23/2021 17:00,91
150,01/23/2021 16:00,119
151,01/23/2021 15:00,139
152,01/23/2021 14:00,93
153,01/23/2021 13:00,109
154,01/23/2021 12:00,90
155,01/23/2021 11:00,102
156,01/23/2021 10:00,58
157,01/23/2021 09:00,116
158,01/23/2021 08:00,88
159,01/23/2021 07:00,64
160,01/23/2021 06:00,33
161,01/23/2021 05:00,86
162,01/23/2021 04:00,64
163,01/23/2021 03:00,60
164,01/23/2021 02:00,80
165,01/23/2021 01:00,131
166,01/23/2021 00:00,177
167,01/22/2021 23:00,180
168,01/22/2021 22:00,173
169,01/22/2021 21:00,173
170,01/22/2021 20:00,79
171,01/22/2021 19:00,90
172,01/22/2021 18:00,139
173,01/22/2021 17:00,119
174,01/22/2021 16:00,246
175,01/22/2021 15:00,151
176,01/22/2021 14:00,279
177,01/22/2021 13:00,507
178,01/22/2021 12:00,297
179,01/22/2021 11:00,231
180,01/22/2021 10:00,192
181,01/22/2021 09:00,177
182,01/22/2021 08:00,120
183,01/22/2021 07:00,122
184,01/22/2021 06:00,116
185,01/22/2021 05:00,81
186,01/22/2021 04:00,86
187,01/22/2021 03:00,28
188,01/22/2021 02:00,87
189,01/22/2021 01:00,165
190,01/21/2021 23:00,49
191,01/21/2021 22:00,35
192,01/21/2021 21:00,41
193,01/21/2021 20:00,68
194,01/21/2021 19:00,188
195,01/21/2021 18:00,132
196,01/21/2021 17:00,67
197,01/21/2021 16:00,102
198,01/21/2021 15:00,259
199,01/21/2021 14:00,167
200,01/21/2021 13:00,241
201,01/21/2021 12:00,90
202,01/21/2021 11:00,206
203,01/21/2021 10:00,61
204,01/21/2021 09:00,71
205,01/21/2021 08:00,59
206,01/21/2021 07:00,50
207,01/21/2021 06:00,30
208,01/21/2021 05:00,25
209,01/21/2021 04:00,15
210,01/21/2021 03:00,31
211,01/21/2021 02:00,24
212,01/21/2021 01:00,27
213,01/21/2021 00:00,48
214,01/20/2021 23:00,38
215,01/20/2021 22:00,103
216,01/20/2021 21:00,73
217,01/20/2021 20:00,64
218,01/20/2021 19:00,97
219,01/20/2021 18:00,73
220,01/20/2021 17:00,44
221,01/20/2021 16:00,61
222,01/20/2021 15:00,220
223,01/20/2021 14:00,145
224,01/20/2021 13:00,40
225,01/20/2021 12:00,131
226,01/20/2021 11:00,202
227,01/20/2021 10:00,135
228,01/20/2021 09:00,70
229,01/20/2021 08:00,85
230,01/20/2021 07:00,63
231,01/20/2021 06:00,65
232,01/20/2021 05:00,34
233,01/20/2021 04:00,36
234,01/20/2021 03:00,15
235,01/20/2021 02:00,34
236,01/20/2021 01:00,38
237,01/20/2021 00:00,47
238,01/19/2021 23:00,26
239,01/19/2021 22:00,42
240,01/19/2021 21:00,92
241,01/19/2021 20:00,44
242,01/19/2021 19:00,100
243,01/19/2021 18:00,107
244,01/19/2021 17:00,132
245,01/19/2021 16:00,208
246,01/19/2021 15:00,250
247,01/19/2021 14:00,230
248,01/19/2021 13:00,285
249,01/19/2021 12:00,344
250,01/19/2021 11:00,340
251,01/19/2021 10:00,401
252,01/19/2021 09:00,210
253,01/19/2021 08:00,138
254,01/19/2021 07:00,107
255,01/19/2021 06:00,125
256,01/19/2021 05:00,74
257,01/19/2021 04:00,130
258,01/19/2021 03:00,64
259,01/19/2021 02:00,81
260,01/19/2021 01:00,70
261,01/19/2021 00:00,73
262,01/18/2021 23:00,78
263,01/18/2021 22:00,71
264,01/18/2021 21:00,96
265,01/18/2021 20:00,73
266,01/18/2021 19:00,102
267,01/18/2021 18:00,119
268,01/18/2021 17:00,112
269,01/18/2021 16:00,161
270,01/18/2021 15:00,109
271,01/18/2021 14:00,108
272,01/18/2021 13:00,105
273,01/18/2021 12:00,57
274,01/18/2021 11:00,81
275,01/18/2021 10:00,68
276,01/18/2021 09:00,91
277,01/18/2021 08:00,56
278,01/18/2021 07:00,35
279,01/18/2021 06:00,33
280,01/18/2021 05:00,32
281,01/18/2021 04:00,27
282,01/18/2021 03:00,66
283,01/18/2021 02:00,80
284,01/18/2021 01:00,40
285,01/18/2021 00:00,23
286,01/17/2021 23:00,39
287,01/17/2021 22:00,29
288,01/17/2021 21:00,37
289,01/17/2021 20:00,35
290,01/17/2021 19:00,46
291,01/17/2021 18:00,35
292,01/17/2021 17:00,53
293,01/17/2021 16:00,72
294,01/17/2021 15:00,62
295,01/17/2021 14:00,73
296,01/17/2021 13:00,46
297,01/17/2021 12:00,37
298,01/17/2021 11:00,29
299,01/17/2021 10:00,36
300,01/17/2021 09:00,22
301,01/17/2021 08:00,14
302,01/17/2021 07:00,21
303,01/17/2021 06:00,19
304,01/17/2021 05:00,27
305,01/17/2021 04:00,22
306,01/17/2021 03:00,22
307,01/17/2021 02:00,15
308,01/17/2021 01:00,33
309,01/17/2021 00:00,29
310,01/16/2021 23:00,31
311,01/16/2021 22:00,31
312,01/16/2021 21:00,44
313,01/16/2021 20:00,30
314,01/16/2021 19:00,41
315,01/16/2021 18:00,52
316,01/16/2021 17:00,51
317,01/16/2021 16:00,52
318,01/16/2021 15:00,67
319,01/16/2021 14:00,49
320,01/16/2021 13:00,42
321,01/16/2021 12:00,54
322,01/16/2021 11:00,51
323,01/16/2021 10:00,46
324,01/16/2021 09:00,60
325,01/16/2021 08:00,14
326,01/16/2021 07:00,16
327,01/16/2021 06:00,21
328,01/16/2021 05:00,43
329,01/16/2021 04:00,22
330,01/16/2021 03:00,36
331,01/16/2021 02:00,41
332,01/16/2021 01:00,45
333,01/16/2021 00:00,42
334,01/15/2021 23:00,66
335,01/15/2021 22:00,72
336,01/15/2021 21:00,82
337,01/15/2021 20:00,123
338,01/15/2021 19:00,89
339,01/15/2021 18:00,129
340,01/15/2021 17:00,159
341,01/15/2021 16:00,263
342,01/15/2021 15:00,389
343,01/15/2021 14:00,593
344,01/15/2021 13:00,342
345,01/15/2021 12:00,546
346,01/15/2021 11:00,571
347,01/15/2021 10:00,819
348,01/15/2021 09:00,849
349,01/15/2021 08:00,488
350,01/15/2021 07:00,312
351,01/15/2021 06:00,212
352,01/15/2021 05:00,77
353,01/15/2021 04:00,132
354,01/15/2021 03:00,102
355,01/15/2021 02:00,108
356,01/15/2021 01:00,114
357,01/15/2021 00:00,90
358,01/14/2021 23:00,145
359,01/14/2021 22:00,135
360,01/14/2021 21:00,164
361,01/14/2021 20:00,166
362,01/14/2021 19:00,165
363,01/14/2021 18:00,281
364,01/14/2021 17:00,415
365,01/14/2021 16:00,342
366,01/14/2021 15:00,563
367,01/14/2021 14:00,429
368,01/14/2021 13:00,553
369,01/14/2021 12:00,675
370,01/14/2021 11:00,394
371,01/14/2021 10:00,472
372,01/14/2021 09:00,554
373,01/14/2021 08:00,332
374,01/14/2021 07:00,264
375,01/14/2021 06:00,157
376,01/14/2021 05:00,156
377,01/14/2021 04:00,146
378,01/14/2021 03:00,77
379,01/14/2021 02:00,89
380,01/14/2021 01:00,51
381,01/14/2021 00:00,69
382,01/13/2021 23:00,93
383,01/13/2021 22:00,106
384,01/13/2021 21:00,96
385,01/13/2021 20:00,117
386,01/13/2021 19:00,116
387,01/13/2021 18:00,162
388,01/13/2021 17:00,193
389,01/13/2021 16:00,309
390,01/13/2021 15:00,347
391,01/13/2021 14:00,263
392,01/13/2021 13:00,368
393,01/13/2021 12:00,565
394,01/13/2021 11:00,697
395,01/13/2021 10:00,744
396,01/13/2021 09:00,193
397,01/13/2021 08:00,19
398,01/13/2021 07:00,30
399,01/13/2021 06:00,21
400,01/13/2021 05:00,7
401,01/13/2021 04:00,7
402,01/13/2021 03:00,7
403,01/13/2021 02:00,11
404,01/13/2021 01:00,1
405,01/13/2021 00:00,5
406,01/12/2021 23:00,7
407,01/12/2021 22:00,8
408,01/12/2021 21:00,13
409,01/12/2021 20:00,14
410,01/12/2021 19:00,10
411,01/12/2021 18:00,15
412,01/12/2021 17:00,14
413,01/12/2021 16:00,26
414,01/12/2021 15:00,12
415,01/12/2021 14:00,14
416,01/12/2021 13:00,20
417,01/12/2021 12:00,8
418,01/12/2021 11:00,6
419,01/12/2021 10:00,14
420,01/12/2021 09:00,19
421,01/12/2021 08:00,19
422,01/12/2021 07:00,8
423,01/12/2021 06:00,7
424,01/12/2021 05:00,4
425,01/12/2021 04:00,2
426,01/12/2021 03:00,3
427,01/12/2021 02:00,9
428,01/12/2021 01:00,10
429,01/12/2021 00:00,10
430,01/11/2021 23:00,8
431,01/11/2021 22:00,9
432,01/11/2021 21:00,12
433,01/11/2021 20:00,6
434,01/11/2021 19:00,14
435,01/11/2021 18:00,15
436,01/11/2021 17:00,16
437,01/11/2021 16:00,34
438,01/11/2021 15:00,22
439,01/11/2021 14:00,35
440,01/11/2021 13:00,52
441,01/11/2021 12:00,36
442,01/11/2021 11:00,49
443,01/11/2021 10:00,33
444,01/11/2021 09:00,53
445,01/11/2021 08:00,163
446,01/11/2021 07:00,121
447,01/11/2021 06:00,12
448,01/11/2021 05:00,12
449,01/11/2021 04:00,2
450,01/11/2021 03:00,4
451,01/11/2021 02:00,5
452,01/11/2021 01:00,4
453,01/11/2021 00:00,3
454,01/10/2021 23:00,8
455,01/10/2021 22:00,9
456,01/10/2021 21:00,6
457,01/10/2021 20:00,7
458,01/10/2021 19:00,3
459,01/10/2021 18:00,22
460,01/10/2021 17:00,14
461,01/10/2021 16:00,13
462,01/10/2021 15:00,15
463,01/10/2021 14:00,12
464,01/10/2021 13:00,7
465,01/10/2021 12:00,4
466,01/10/2021 11:00,10
467,01/10/2021 10:00,11
468,01/10/2021 09:00,5
469,01/10/2021 08:00,1
470,01/10/2021 07:00,1
471,01/10/2021 06:00,1
472,01/10/2021 05:00,1
473,01/10/2021 03:00,3
474,01/10/2021 02:00,3
475,01/10/2021 01:00,2
476,01/10/2021 00:00,6
477,01/09/2021 23:00,3
478,01/09/2021 22:00,7
479,01/09/2021 21:00,12
480,01/09/2021 20:00,3
481,01/09/2021 19:00,9
482,01/09/2021 18:00,1
483,01/09/2021 17:00,3
484,01/09/2021 16:00,7
485,01/09/2021 11:00,4
486,01/09/2021 10:00,1
487,01/09/2021 09:00,2
488,01/09/2021 07:00,1
489,01/09/2021 04:00,1
490,01/09/2021 03:00,4
491,01/09/2021 02:00,3
492,01/08/2021 23:00,6
493,01/08/2021 22:00,3
494,01/08/2021 21:00,9
495,01/08/2021 20:00,4
496,01/08/2021 19:00,2
497,01/08/2021 18:00,9
498,01/08/2021 17:00,14
499,01/08/2021 16:00,12
500,01/08/2021 15:00,14
501,01/08/2021 14:00,8
502,01/08/2021 13:00,8
503,01/08/2021 12:00,27
504,01/08/2021 11:00,20
505,01/08/2021 10:00,40
506,01/08/2021 09:00,29
507,01/08/2021 08:00,1
508,01/08/2021 07:00,1
509,01/08/2021 06:00,1
510,01/08/2021 05:00,3
511,01/08/2021 01:00,3
512,01/08/2021 00:00,1
513,01/07/2021 23:00,4
514,01/07/2021 22:00,1
515,01/07/2021 21:00,6
516,01/07/2021 20:00,11
517,01/07/2021 19:00,2
518,01/07/2021 18:00,7
519,01/07/2021 17:00,2
520,01/07/2021 16:00,9
521,01/07/2021 15:00,6
522,01/07/2021 14:00,19
523,01/07/2021 13:00,2
524,01/07/2021 12:00,5
525,01/07/2021 11:00,11
526,01/07/2021 10:00,13
527,01/07/2021 09:00,8
528,01/07/2021 08:00,5
529,01/07/2021 06:00,4
530,01/07/2021 03:00,2
531,01/07/2021 02:00,5
532,01/07/2021 01:00,2
533,01/07/2021 00:00,3
534,01/06/2021 23:00,8
535,01/06/2021 22:00,2
536,01/06/2021 21:00,2
537,01/06/2021 20:00,10
538,01/06/2021 19:00,10
539,01/06/2021 18:00,7
540,01/06/2021 17:00,23
541,01/06/2021 16:00,14
542,01/06/2021 15:00,14
543,01/06/2021 14:00,11
544,01/06/2021 13:00,16
545,01/06/2021 12:00,28
546,01/06/2021 11:00,24
547,01/06/2021 10:00,53
548,01/06/2021 09:00,7
549,01/06/2021 08:00,10
550,01/06/2021 07:00,3
551,01/06/2021 05:00,1
552,01/06/2021 03:00,1
553,01/06/2021 02:00,1
554,01/05/2021 23:00,6
555,01/05/2021 22:00,2
556,01/05/2021 21:00,8
557,01/05/2021 20:00,6
558,01/05/2021 19:00,8
559,01/05/2021 16:00,17
560,01/05/2021 15:00,14
561,01/05/2021 14:00,7
562,01/05/2021 13:00,5
563,01/05/2021 12:00,4
564,01/05/2021 11:00,1
565,01/05/2021 10:00,4
566,01/05/2021 09:00,7
567,01/05/2021 04:00,1
568,01/05/2021 03:00,1
569,01/05/2021 02:00,4
570,01/05/2021 01:00,3
571,01/05/2021 00:00,2
572,01/04/2021 23:00,1
573,01/04/2021 22:00,11
574,01/04/2021 21:00,9
575,01/04/2021 20:00,4
576,01/04/2021 19:00,4
577,01/04/2021 18:00,1
578,01/04/2021 17:00,11
579,01/04/2021 16:00,29
580,01/04/2021 15:00,9
581,01/04/2021 14:00,8
582,01/04/2021 13:00,5
583,01/04/2021 12:00,6
584,01/04/2021 11:00,18
585,01/04/2021 10:00,20
586,01/04/2021 04:00,1
587,01/04/2021 03:00,5
588,01/04/2021 02:00,3
589,01/04/2021 01:00,3
590,01/03/2021 23:00,1
591,01/03/2021 22:00,3
592,01/03/2021 21:00,3
593,01/03/2021 20:00,4
594,01/03/2021 19:00,2
595,01/03/2021 18:00,10
596,01/03/2021 17:00,9
597,01/03/2021 16:00,13
598,01/03/2021 15:00,2
599,01/03/2021 13:00,4
600,01/03/2021 12:00,2
601,01/02/2021 22:00,4
602,01/02/2021 20:00,2
603,01/02/2021 19:00,1
604,01/02/2021 18:00,3
605,01/02/2021 17:00,3
606,01/02/2021 16:00,4
607,01/02/2021 15:00,4
608,01/02/2021 14:00,2
609,01/02/2021 12:00,1
610,01/02/2021 01:00,1
611,01/02/2021 00:00,2
612,01/01/2021 23:00,3
613,01/01/2021 22:00,3
614,01/01/2021 21:00,4
615,01/01/2021 20:00,6
616,01/01/2021 19:00,1
617,01/01/2021 17:00,2
618,01/01/2021 16:00,7
619,01/01/2021 15:00,3
620,01/01/2021 14:00,4
621,01/01/2021 13:00,3
622,12/31/2020 17:00,3
623,12/31/2020 16:00,10
624,12/31/2020 15:00,11
625,12/31/2020 14:00,13
626,12/31/2020 13:00,15
627,12/31/2020 12:00,47
628,12/31/2020 11:00,4
629,12/31/2020 02:00,1
630,12/31/2020 01:00,2
631,12/31/2020 00:00,12
632,12/30/2020 22:00,10
633,12/30/2020 20:00,1
634,12/30/2020 19:00,1
635,12/30/2020 17:00,1
636,12/30/2020 16:00,10
637,12/30/2020 15:00,31
638,12/30/2020 14:00,29
639,12/30/2020 13:00,15
640,12/30/2020 12:00,11
641,12/30/2020 11:00,10
642,12/30/2020 01:00,1
643,12/30/2020 00:00,3
644,12/29/2020 23:00,4
645,12/29/2020 22:00,7
646,12/29/2020 21:00,9
647,12/29/2020 20:00,5
648,12/29/2020 19:00,2
649,12/29/2020 18:00,7
650,12/29/2020 17:00,10
651,12/29/2020 16:00,18
652,12/29/2020 15:00,8
653,12/29/2020 14:00,3
654,12/29/2020 13:00,5
655,12/29/2020 12:00,14
656,12/29/2020 11:00,17
657,12/28/2020 23:00,3
658,12/28/2020 22:00,5
659,12/28/2020 20:00,6
660,12/28/2020 19:00,10
661,12/28/2020 18:00,12
662,12/28/2020 17:00,10
663,12/28/2020 16:00,16
664,12/28/2020 15:00,20
665,12/28/2020 14:00,22
666,12/28/2020 13:00,29
667,12/28/2020 12:00,15
668,12/28/2020 11:00,1
669,12/28/2020 00:00,1
670,12/27/2020 23:00,16
671,12/27/2020 22:00,7
672,12/27/2020 21:00,1
673,12/27/2020 20:00,15
674,12/27/2020 19:00,2
675,12/27/2020 18:00,3
676,12/27/2020 17:00,16
677,12/27/2020 16:00,10
678,12/27/2020 15:00,3
679,12/27/2020 14:00,5
680,12/27/2020 13:00,2
681,12/23/2020 19:00,1
682,12/23/2020 18:00,8
683,12/23/2020 17:00,11
684,12/23/2020 16:00,20
685,12/23/2020 15:00,41
686,12/23/2020 14:00,30
687,12/23/2020 13:00,33
688,12/23/2020 12:00,10
689,12/23/2020 11:00,11
690,12/23/2020 00:00,3
691,12/22/2020 23:00,5
692,12/22/2020 22:00,21
693,12/22/2020 21:00,6
694,12/22/2020 20:00,7
695,12/22/2020 19:00,7
696,12/22/2020 18:00,22
697,12/22/2020 17:00,12
698,12/22/2020 16:00,12
699,12/22/2020 15:00,74
700,12/22/2020 14:00,192
701,12/22/2020 13:00,133
702,12/22/2020 12:00,54
703,12/22/2020 11:00,24
704,12/22/2020 10:00,40
705,12/22/2020 02:00,1
706,12/22/2020 00:00,1
707,12/21/2020 22:00,1
708,12/21/2020 21:00,10
709,12/21/2020 19:00,2
710,12/21/2020 18:00,10
711,12/21/2020 17:00,4
712,12/21/2020 16:00,19
713,12/21/2020 15:00,5
714,12/21/2020 14:00,6
715,12/21/2020 13:00,7
716,12/21/2020 12:00,17
717,12/21/2020 11:00,12
718,12/21/2020 10:00,2
719,12/21/2020 09:00,30
720,12/21/2020 08:00,11
721,12/21/2020 02:00,1
722,12/21/2020 00:00,1
723,12/20/2020 23:00,4
724,12/20/2020 22:00,2
725,12/20/2020 21:00,2
726,12/20/2020 18:00,11
727,12/20/2020 17:00,2
728,12/20/2020 16:00,10
729,12/20/2020 15:00,3
730,12/20/2020 13:00,3
731,12/20/2020 11:00,2
732,12/20/2020 08:00,1
733,12/20/2020 06:00,1
734,12/20/2020 01:00,2
735,12/19/2020 22:00,1
736,12/19/2020 21:00,1
737,12/19/2020 20:00,1
738,12/19/2020 18:00,1
739,12/19/2020 17:00,1
740,12/19/2020 16:00,3
741,12/19/2020 15:00,2
742,12/19/2020 12:00,1
743,12/19/2020 07:00,1
744,12/19/2020 06:00,1
745,12/19/2020 02:00,1
746,12/19/2020 01:00,1
747,12/19/2020 00:00,1
748,12/18/2020 23:00,4
749,12/18/2020 22:00,1
750,12/18/2020 21:00,1
751,12/18/2020 18:00,3
752,12/18/2020 17:00,6
753,12/18/2020 14:00,26
754,12/18/2020 13:00,10
755,12/18/2020 12:00,12
756,12/18/2020 11:00,44
757,12/18/2020 10:00,5
758,12/18/2020 09:00,64
759,12/18/2020 03:00,1
760,12/17/2020 23:00,2
761,12/17/2020 22:00,3
762,12/17/2020 21:00,1
763,12/17/2020 20:00,1
764,12/17/2020 19:00,2
765,12/17/2020 17:00,5
766,12/17/2020 16:00,4
767,12/17/2020 15:00,31
768,12/17/2020 14:00,13
769,12/17/2020 13:00,15
770,12/17/2020 12:00,18
771,12/17/2020 11:00,25
772,12/17/2020 10:00,5
773,12/17/2020 08:00,1
774,12/17/2020 06:00,2
775,12/17/2020 04:00,1
776,12/17/2020 02:00,1
777,12/17/2020 01:00,2
778,12/16/2020 20:00,1
779,12/16/2020 19:00,3
780,12/16/2020 18:00,1
781,12/16/2020 17:00,4
782,12/16/2020 16:00,4
783,12/16/2020 15:00,2
784,12/16/2020 14:00,2
785,12/16/2020 13:00,2
786,12/16/2020 01:00,1
787,12/16/2020 00:00,1
788,12/15/2020 21:00,1
789,12/15/2020 20:00,4
790,12/15/2020 19:00,2
791,12/15/2020 18:00,2
792,12/15/2020 17:00,3
793,12/15/2020 16:00,12
794,12/15/2020 15:00,7
795,12/15/2020 14:00,17
796,12/15/2020 13:00,48
797,12/15/2020 12:00,12
798,12/15/2020 11:00,9
799,12/15/2020 02:00,1
800,12/15/2020 01:00,1
801,12/15/2020 00:00,1
802,12/14/2020 23:00,4
803,12/14/2020 20:00,2
804,12/14/2020 18:00,1
805,12/14/2020 17:00,8
806,12/14/2020 16:00,2
807,12/14/2020 12:00,12
808,12/14/2020 11:00,7
809,12/14/2020 10:00,6
810,12/14/2020 01:00,1
811,12/14/2020 00:00,9
812,12/13/2020 23:00,1
813,12/13/2020 22:00,2
814,12/13/2020 21:00,3
815,12/13/2020 20:00,1
816,12/13/2020 19:00,1
817,12/13/2020 18:00,1
818,12/13/2020 15:00,1
819,12/13/2020 14:00,3
820,12/13/2020 12:00,2
821,12/13/2020 06:00,1
822,12/13/2020 01:00,2
823,12/13/2020 00:00,1
824,12/12/2020 23:00,2
825,12/12/2020 21:00,2
826,12/12/2020 18:00,1
827,12/12/2020 14:00,3
828,12/11/2020 22:00,2
829,12/11/2020 16:00,4
830,12/11/2020 15:00,1
831,12/11/2020 14:00,2
832,12/11/2020 13:00,1
833,12/11/2020 12:00,1
834,12/11/2020 10:00,1
835,12/11/2020 03:00,1
836,12/11/2020 02:00,1
837,12/10/2020 22:00,1
838,12/10/2020 21:00,3
839,12/10/2020 19:00,1
840,12/10/2020 18:00,2
841,12/10/2020 16:00,1
842,12/10/2020 15:00,23
843,12/10/2020 14:00,36
844,12/10/2020 13:00,5
845,12/10/2020 12:00,3
846,12/10/2020 11:00,2
847,12/10/2020 01:00,3
848,12/09/2020 22:00,2
849,12/09/2020 21:00,2
850,12/09/2020 20:00,5
851,12/09/2020 19:00,4
852,12/09/2020 18:00,11
853,12/09/2020 17:00,13
854,12/09/2020 16:00,26
855,12/09/2020 15:00,2
856,12/09/2020 14:00,12
857,12/09/2020 13:00,8
858,12/09/2020 12:00,3
859,12/09/2020 11:00,2
860,12/09/2020 10:00,2
861,12/09/2020 03:00,8
862,12/09/2020 02:00,2
863,12/09/2020 01:00,4
864,12/09/2020 00:00,15
865,12/08/2020 23:00,2
866,12/08/2020 22:00,26
867,12/08/2020 21:00,42
868,12/08/2020 20:00,27
869,12/08/2020 19:00,52
870,12/08/2020 18:00,51
871,12/08/2020 17:00,124
872,12/08/2020 16:00,278
873,12/08/2020 15:00,177
874,12/08/2020 14:00,60
875,12/08/2020 13:00,19
876,12/08/2020 12:00,4
877,12/08/2020 11:00,13
878,12/08/2020 10:00,4
879,12/08/2020 02:00,1
880,12/08/2020 01:00,4
881,12/08/2020 00:00,2
882,12/07/2020 23:00,1
883,12/07/2020 22:00,13
884,12/07/2020 21:00,11
885,12/07/2020 20:00,13
886,12/07/2020 19:00,11
887,12/07/2020 18:00,2
888,12/07/2020 17:00,5
889,12/07/2020 16:00,3
890,12/07/2020 15:00,7
891,12/07/2020 14:00,2
892,12/07/2020 13:00,10
893,12/07/2020 12:00,14
894,12/07/2020 11:00,13
895,12/07/2020 10:00,4
896,12/07/2020 01:00,3
897,12/07/2020 00:00,1
898,12/06/2020 23:00,1
899,12/06/2020 22:00,4
900,12/06/2020 21:00,2
901,12/06/2020 20:00,2
902,12/06/2020 19:00,3
903,12/06/2020 18:00,4
904,12/06/2020 17:00,5
905,12/06/2020 16:00,7
906,12/06/2020 15:00,3
907,12/06/2020 14:00,1
908,12/06/2020 13:00,1
909,12/06/2020 00:00,1
910,12/05/2020 22:00,1
911,12/05/2020 20:00,7
912,12/05/2020 19:00,2
913,12/05/2020 18:00,2
914,12/05/2020 17:00,2
915,12/05/2020 15:00,1
916,12/05/2020 14:00,4
917,12/05/2020 13:00,5
918,12/05/2020 11:00,4
919,12/05/2020 10:00,1
920,12/05/2020 07:00,1
921,12/05/2020 02:00,1
922,12/05/2020 00:00,2
923,12/04/2020 23:00,2
924,12/04/2020 22:00,3
925,12/04/2020 21:00,4
926,12/04/2020 20:00,1
927,12/04/2020 19:00,3
928,12/04/2020 18:00,3
929,12/04/2020 17:00,4
930,12/04/2020 16:00,15
931,12/04/2020 15:00,6
932,12/04/2020 14:00,11
933,12/04/2020 13:00,6
934,12/04/2020 12:00,7
935,12/04/2020 11:00,11
936,12/04/2020 10:00,7
937,12/04/2020 09:00,1
938,12/03/2020 11:00,12
939,12/03/2020 10:00,1
940,12/03/2020 03:00,1
941,12/03/2020 02:00,4
942,12/03/2020 00:00,2
943,12/02/2020 23:00,5
944,12/02/2020 22:00,1
945,12/02/2020 21:00,6
946,12/02/2020 20:00,7
947,12/02/2020 19:00,2
948,12/02/2020 18:00,1
949,12/02/2020 17:00,12
950,12/02/2020 16:00,25
951,12/02/2020 15:00,61
952,12/02/2020 14:00,12
953,12/02/2020 13:00,6
954,12/02/2020 10:00,7
955,12/02/2020 02:00,6
956,12/02/2020 00:00,1
957,12/01/2020 23:00,3
958,12/01/2020 22:00,4
959,12/01/2020 20:00,9
960,12/01/2020 19:00,5
961,12/01/2020 18:00,4
962,12/01/2020 17:00,9
963,12/01/2020 16:00,10
964,12/01/2020 15:00,19
965,12/01/2020 14:00,23
966,12/01/2020 13:00,24
967,12/01/2020 12:00,6
968,12/01/2020 11:00,8
969,12/01/2020 10:00,8
970,12/01/2020 02:00,7
971,12/01/2020 00:00,28
