time,open,high,low,close,volume,# of Comments (Hourly)
2/2/21 20:00,90,90.5,85,85.2,288108,459
2/2/21 19:00,92,94,88,90,232127,483
2/2/21 18:00,88.82,96,86.01,92,476352,500
2/2/21 17:00,90.76,93.89,85.33,88.78,843580,500
2/2/21 16:00,99.8561,101.9599,88,90.47,5582379,500
2/2/21 15:00,103.6001,110.5499,91,99.9,6042536,500
2/2/21 14:00,118.2996,118.75,101.01,104.3724,4486108,500
2/2/21 13:00,110.05,127.98,105.17,117.95,7738481,500
2/2/21 12:00,91.0701,154.3999,90,114.85,15756996,500
2/2/21 11:00,114.8882,125,74.2201,91.5,19988224,500
2/2/21 10:00,127.5,162,101.3,115,13083953,500
2/2/21 9:00,139,161,126,127.5,1956246,500
2/2/21 8:00,158.24,162.65,137.01,138.7,1521962,500
2/2/21 7:00,174.01,175.21,153.6,158.49,179575,499
2/2/21 6:00,171.7,176.39,170,174.5,79576,398
2/2/21 5:00,175.3,178.31,160,171,246548,297
2/1/21 20:00,186.65,198.99,186.65,189.52,398808,499
2/1/21 19:00,178,190,177,187.75,495863,500
2/1/21 18:00,207.96,208.79,173,178,1577886,500
2/1/21 17:00,225.46,231,206,207.55,626967,500
2/1/21 16:00,240.1096,240.1096,214.66,227,4599470,500
2/1/21 15:00,250,251,235.51,240.1828,2065638,500
2/1/21 14:00,248.4599,253.8899,230,250,2997396,500
2/1/21 13:00,259,262.5999,241,248,2502651,500
2/1/21 12:00,236.775,280,232.9001,259.2,4810622,500
2/1/21 11:00,270,284,212,237.39,9174759,500
2/1/21 10:00,317.7,322,252,269.9999,6272754,500
2/1/21 9:00,327,333,288.0501,317.8,689532,500
2/1/21 8:00,327.42,331.9,288.07,323.35,921397,500
2/1/21 7:00,338,345,326.06,328.18,88718,500
2/1/21 6:00,347,356.36,326.05,337,113164,447
2/1/21 5:00,356.1,384.89,321.75,348,286953,350
1/29/21 20:00,316,321.1,312,312.01,171440,493
1/29/21 19:00,306.11,320,303.0201,315.72,168467,500
1/29/21 18:00,322.3,350,301.21,306,271764,500
1/29/21 17:00,327.67,330.9,293.0001,322.02,1112924,500
1/29/21 16:00,284.79,335,283.81,328.24,8550072,500
1/29/21 15:00,275.95,306.95,250,283.5608,6658776,500
1/29/21 14:00,328.1182,336,265.4801,276.1098,4781288,500
1/29/21 13:00,339.8802,377,312.44,329.3264,5441582,500
1/29/21 12:00,335.5999,344.99,312.04,340.1656,3975763,500
1/29/21 11:00,317.7093,347,291,334.62,7499078,500
1/29/21 10:00,363.01,413.98,291.57,317.37,8581801,500
1/29/21 9:00,347.07,392.01,312.0098,362.79,1386429,500
1/29/21 8:00,395,399.98,311,346.49,1305548,500
1/29/21 7:00,385,400,360,395.01,151017,498
1/29/21 6:00,420,420,380,389.05,142488,495
1/29/21 5:00,360,470,355.98,425.94,459268,500
1/28/21 20:00,347,355.9,305.99,311.99,894387,500
1/28/21 19:00,280.33,348.86,280.33,347.01,1106541,500
1/28/21 18:00,257,509,255,281.85,418746,500
1/28/21 17:00,197.44,282.92,193.6,257,1543357,500
1/28/21 16:00,246.1359,261.9899,197.44,197.44,5687714,500
1/28/21 15:00,242.4305,265,215,247.17,4743507,500
1/28/21 14:00,240.9471,267,205.4201,241.5301,5130891,500
1/28/21 13:00,255.99,324,230.01,239.6656,6307940,500
1/28/21 12:00,265,282.55,112.25,255.7614,10814643,500
1/28/21 11:00,469,483,264.01,264.01,7495146,500
1/28/21 10:00,340.73,509,249.73,468.49,9056569,500
1/28/21 9:00,459,489.12,338,341,1960172,500
1/28/21 8:00,447.01,508.83,421.7,459,1957560,500
1/28/21 7:00,456.4,513.12,410,445,851313,500
1/28/21 6:00,333.11,457.89,333,456,711496,500
1/28/21 5:00,311.3,360,301,335,216927,500
1/27/21 20:00,248.99,303,217,292,1171816,500
1/27/21 19:00,319,319.9,220,248.8,528090,189
1/27/21 18:00,327.36,347.51,293,319.85,637148,323
1/27/21 17:00,347.51,373.02,305,327.26,1151987,500
1/27/21 16:00,318.01,353,315.4054,345,9389100,500
1/27/21 15:00,326.07,337.89,290.01,319.6006,7132382,500
1/27/21 14:00,341.0407,347.16,303.77,326.59,6783598,500
1/27/21 13:00,312.61,350,280,342.172,10028847,315
1/27/21 12:00,371.182,380,312.61,312.61,14642683,500
1/27/21 11:00,310.32,380,249,371.82,17380005,500
1/27/21 10:00,231.15,385,197.53,310.69,14868987,500
1/27/21 9:00,230,273.4,197.53,231.5,2745116,43
1/27/21 8:00,199.5,277,195,230,3114545,9
1/27/21 7:00,351.89,353,182.55,197.89,1884752,10
1/27/21 6:00,299.5,365.42,293.01,351,1636973,5
1/27/21 5:00,246.66,299.33,219.07,299.19,1420557,4
1/26/21 20:00,225,227.19,207.95,209.51,696310,32
1/26/21 19:00,208.1,231.5,205.11,225,1538541,29
1/26/21 18:00,224.6,248.9,203,208.14,4415925,24
1/26/21 17:00,146.2,244,138,224.45,11327636,47
1/26/21 16:00,131.6913,150,127,145.965,33611620,52
1/26/21 15:00,114.2538,143.89,112,131.845,32448423,47
1/26/21 14:00,105.3137,124.5799,96.99,114.5499,31838143,56
1/26/21 13:00,87.685,114.24,87.68,105.5556,20647463,46
1/26/21 12:00,87.62,90.68,81,87.7999,7316533,5
1/26/21 11:00,87.575,94,80.2,87.6101,16466769,20
1/26/21 10:00,89,101.62,81.05,87.57,16354218,18
1/26/21 9:00,91.62,94.39,86.15,89.25,977656,2
1/26/21 8:00,88.89,94.39,86.39,91.51,910935,12
1/26/21 7:00,89,91,87.5,88.5,58588,13
1/26/21 6:00,94.25,94.25,86.03,88.55,143907,21
1/26/21 5:00,90,100,90,94,269334,9
1/25/21 20:00,82.9,90,82.9,88.87,685503,26
1/25/21 19:00,81.71,158.09,81.65,82.8801,200184,19
1/25/21 18:00,78.39,83.5,78.3,81.71,917538,26
1/25/21 17:00,76.7698,79.75,72,78.5,919573,33
1/25/21 16:00,77.19,132.45,71.1001,76.765,15181166,28
1/25/21 15:00,76.6241,96.1192,74.16,77.0001,17297869,19
1/25/21 14:00,69.3,81.5,65.37,76.7499,17781046,13
1/25/21 13:00,99.99,103,61.13,69.42,25133190,32
1/25/21 12:00,117.07,120,85.39,99.56,20758922,38
1/25/21 11:00,89.685,159.18,85,117.07,51720237,5
1/25/21 10:00,98.265,103,86.32,89.76,19162322,1
1/25/21 9:00,91.71,104.53,86.9999,98.05,4674120,2
1/25/21 8:00,94.48,97,86.72,91.65,2187519,4
1/25/21 7:00,96.93,101.7,90.35,94.43,784325,7
1/25/21 6:00,106.77,109,86.25,96.77,885972,14
1/25/21 5:00,72.5,136.63,72.2,105.39,1194735,13
1/22/21 20:00,63.6,63.6,61,61,279826,205
1/22/21 19:00,64,64.88,62.35,63.7,152240,226
1/22/21 18:00,67.5,67.89,63.01,63.8,942544,262
1/22/21 17:00,65,68.46,62.4,67.6,2300243,330
1/22/21 16:00,59.185,68,57.2,64.85,30044433,465
1/22/21 15:00,54.9955,61.49,54.6,59.18,18935784,425
1/22/21 14:00,70.385,71.99,54.46,55.1097,42170241,420
1/22/21 13:00,52.2,76.7573,52.0544,70.3,57852728,500
1/22/21 12:00,47.687,53.95,46.78,52.2,23828721,500
1/22/21 11:00,45.99,47.73,43.77,47.6795,11901110,468
1/22/21 10:00,44.19,46.29,42.32,45.98,8174769,373
1/22/21 9:00,44.7672,46.94,43.3,44.39,375581,252
1/22/21 8:00,44.81,46.94,44.05,45.25,185085,173
1/22/21 7:00,44.76,45.2,44.3,44.4,11934,122
1/22/21 6:00,45.1,45.1,44.02,44.34,7190,116
1/22/21 5:00,44.66,45.5,44.14,45.1,35683,81
1/21/21 20:00,45.31,47.47,45.23,45.35,584017,138
1/21/21 19:00,43.9,45.45,43.38,45.39,320712,284
1/21/21 18:00,42.81,43.9,42.5,43.5,166044,213
1/21/21 17:00,43.03,44.1,42.2602,42.98,382460,138
1/21/21 16:00,40.53,43.19,40.52,43.02,9078729,262
1/21/21 15:00,42.2413,42.55,40.02,40.56,5390985,347
1/21/21 14:00,39.61,42.59,39.38,42.218,7001864,277
1/21/21 13:00,42.3,42.8,37,39.7,13200175,300
1/21/21 12:00,39.8289,44.75,39.38,42.2501,12717224,307
1/21/21 11:00,38.51,40.53,37.86,39.8675,5334277,297
1/21/21 10:00,39.05,39.79,37.52,38.5,2752987,197
1/21/21 9:00,38.5501,39.38,38.54,39,38791,186
1/21/21 8:00,38.75,39.02,38.54,38.56,12525,135
1/21/21 7:00,38.95,39,38.9,38.9,1975,50
1/21/21 5:00,39.2,39.2,39.2,39.2,390,43
1/20/21 20:00,38.89,39.1,38.8,39.05,28372,89
1/20/21 19:00,38.83,39,38.81,38.9,8535,97
1/20/21 18:00,38.84,39.12,38.71,38.71,95437,115
1/20/21 17:00,39.01,39.2,38.69,38.8,59169,117
1/20/21 16:00,39.6,40.14,38.71,39.12,2774510,160
1/20/21 15:00,39.275,39.97,38.83,39.59,2277319,223
1/20/21 14:00,38.635,39.55,37.85,39.2744,2931624,201
1/20/21 13:00,39.28,40.05,38.275,38.67,3078288,44
1/20/21 12:00,36.86,41.1899,36.06,39.35,11109230,251
1/20/21 11:00,37.97,38.19,36.4,36.86,5661812,278
1/20/21 10:00,37.95,39.3933,36.63,37.9175,4989695,210
1/20/21 9:00,37.65,39,37.1,37.87,308178,176
1/20/21 8:00,37.92,38.5,37.54,38.42,155839,96
1/20/21 7:00,37.7,38,37.5,37.9,25344,95
1/20/21 6:00,38.05,38.05,37.65,37.7,10774,65
1/20/21 5:00,38.5,38.58,37.4,37.83,14014,42
1/19/21 20:00,38.7,38.8,38.56,38.6,58197,84
1/19/21 19:00,38.9,38.96,38.7,38.75,45556,100
1/19/21 18:00,38.84,38.96,38.65,38.89,114564,107
1/19/21 17:00,39.36,39.71,38.5101,38.8398,356903,132
1/19/21 16:00,40.2607,40.53,38.61,39.51,5441905,208
1/19/21 15:00,40.9444,40.99,39.6,40.276,3481742,250
1/19/21 14:00,42.0295,42.1978,40.29,40.94,5291796,232
1/19/21 13:00,39.63,42.3,39.4,42.12,10673246,285
1/19/21 12:00,37.79,39.69,37.7301,39.6201,7493430,346
1/19/21 11:00,40.75,40.76,36.64,37.76,21488162,341
1/19/21 10:00,40.85,45.52,39.25,40.7378,19049181,402
1/19/21 9:00,38.38,41.24,37.2002,40.88,777327,209
1/19/21 8:00,40.5,40.99,37.1,38.38,602216,139
1/19/21 7:00,41.1,41.1,40.31,40.34,32622,107
1/19/21 6:00,40.77,41.5,40.42,41.25,30841,124
1/19/21 5:00,39,42.61,38.31,40.9,90542,74
1/15/21 20:00,35.9,36.25,35.8,36,82471,123
1/15/21 19:00,35.8,36.07,35.69,35.9,36459,88
1/15/21 18:00,35.2,36,35.15,35.25,232415,129
1/15/21 17:00,35.6,35.6,34.5,35.3498,649314,159
1/15/21 16:00,37.88,38.02,35.33,35.49,5603022,257
1/15/21 15:00,35.99,38.49,35.8601,37.89,6818117,390
1/15/21 14:00,35.8021,36.3,35.16,35.9672,2806990,443
1/15/21 13:00,34.2765,36.67,34.01,35.8156,5370772,341
1/15/21 12:00,36.615,37.01,34.1,34.21,5824286,465
1/15/21 11:00,37.384,38.38,35.17,36.62,9719064,485
1/15/21 10:00,38.277,41.4899,37.05,37.3947,8985187,500
1/15/21 9:00,38.5,41.5,36.52,38.3,474064,500
1/15/21 8:00,40.82,41.55,38.01,38.49,300678,455
1/15/21 7:00,40.5,40.99,40.15,40.74,11083,312
1/15/21 6:00,41.85,41.93,40.2,40.2,13880,212
1/15/21 5:00,42.2,42.5,40.57,41.8,39822,77
1/14/21 20:00,41.9,42.5,41.76,42,164070,166
1/14/21 19:00,42.4,43.06,41.45,41.94,309114,165
1/14/21 18:00,39.55,43.57,39.54,42.34,864011,282
1/14/21 17:00,40,40.1,38.57,39.63,793473,394
1/14/21 16:00,39.2941,40.03,37.6,39.9184,10174355,308
1/14/21 15:00,38.985,40.41,38.21,39.275,7037858,500
1/14/21 14:00,37.96,41.5,37.77,38.91,11586736,417
1/14/21 13:00,36.885,43.06,36.55,37.9999,23201998,488
1/14/21 12:00,35.21,37.24,35.12,36.88,9829520,483
1/14/21 11:00,35.16,37.11,33.56,35.2236,12014476,388
1/14/21 10:00,36.5501,38.77,33.05,35.14,15640680,446
1/14/21 9:00,35.9974,39.74,35.2,36.55,1339017,486
1/14/21 8:00,36,39.75,35.5,36.7,1074535,332
1/14/21 7:00,35.99,36.34,35,36,47107,263
1/14/21 6:00,37.57,37.85,35.65,36,70687,156
1/14/21 5:00,33.48,38.2,33.2,37.51,130187,157
1/13/21 20:00,32.49,32.9,32.2,32.8,92610,117
1/13/21 19:00,32.12,32.95,32.12,32.44,121471,116
1/13/21 18:00,31.38,33,31.26,32.02,317556,164
1/13/21 17:00,31.3998,31.98,30.52,31.25,598436,194
1/13/21 16:00,33.03,33.24,30.7,31.44,10109770,279
1/13/21 15:00,33.465,34.38,32.15,33.025,10654062,349
1/13/21 14:00,34.29,34.93,31.555,33.52,16105769,263
1/13/21 13:00,31.7501,34.6841,30.1,34.31,29772796,367
1/13/21 12:00,28.6301,38.65,28.53,31.75,46882403,499
1/13/21 11:00,22.93,29.1,22.78,28.646,24920053,500
1/13/21 10:00,20.36,23.4,20.03,22.91,4821138,500
1/13/21 9:00,20.2499,20.61,20.17,20.39,55730,190
1/13/21 8:00,20.1,20.47,20.08,20.32,19398,19
1/13/21 7:00,20.36,20.36,20.36,20.36,291,30
1/13/21 5:00,20.15,20.15,20.15,20.15,120,7
1/12/21 20:00,20,20.15,19.96,20.15,3932,8
1/12/21 19:00,20,20.0999,19.95,20.0999,10448,4
1/12/21 18:00,20.13,20.15,20,20.03,9233,5
1/12/21 17:00,19.95,20.14,19.91,20,41509,12
1/12/21 16:00,19.79,20.04,19.71,19.94,1096754,13
1/12/21 15:00,19.86,19.969,19.751,19.7926,560000,4
1/12/21 14:00,20.12,20.16,19.845,19.865,664413,7
1/12/21 13:00,20.036,20.1289,19.78,20.1272,678802,11
1/12/21 12:00,20.2,20.2078,19.83,20.0399,834006,4
1/12/21 11:00,19.6,20.25,19.45,20.195,1487527,4
1/12/21 10:00,20.01,20.4,19.3168,19.61,1613298,9
1/12/21 9:00,20.2399,20.24,19.95,19.9701,36578,16
1/12/21 8:00,20.1,20.23,20,20,5423,12
1/12/21 7:00,20.25,20.25,20.09,20.23,2040,6
1/12/21 6:00,20.28,20.28,20,20,544,10
1/12/21 5:00,20.1,20.1,20,20,561,4
1/11/21 20:00,20.06,20.15,20,20.1,8991,4
1/11/21 19:00,19.95,20.06,19.94,20.06,11041,11
1/11/21 18:00,19.92,19.95,19.85,19.95,29369,6
1/11/21 17:00,19.94,20.12,19.8,19.93,23109,7
1/11/21 16:00,19.84,19.93,19.65,19.93,1127209,5
1/11/21 15:00,20.37,20.374,19.74,19.8425,1255290,21
1/11/21 14:00,19.6,20.49,19.58,20.37,1488769,35
1/11/21 13:00,19.36,19.75,19.18,19.605,1292149,32
1/11/21 12:00,19.32,19.62,19.01,19.365,1457434,21
1/11/21 11:00,20.48,20.53,19.05,19.32,2473915,49
1/11/21 10:00,19.02,20.65,18.8,20.5,4598958,37
1/11/21 9:00,21.51,21.8,17.1,19.2,903687,57
1/11/21 8:00,17.5,21.82,17.05,21.51,282226,172
1/11/21 7:00,17.2,17.2,17.2,17.2,300,66
1/11/21 6:00,17.12,17.12,17.12,17.12,100,9
1/11/21 5:00,17.5,17.5,17.1,17.13,1487,4
1/8/21 20:00,17.85,17.97,17.7,17.7,12199,1
1/8/21 19:00,17.86,18,17.85,17.97,5267,1
1/8/21 18:00,17.9,17.9,17.8,17.9,4858,3
1/8/21 17:00,17.69,17.9,17.69,17.9,22706,3
1/8/21 16:00,17.89,17.9489,17.56,17.6899,1079144,3
1/8/21 15:00,17.6185,17.927,17.6185,17.88,435943,11
1/8/21 14:00,17.87,17.88,17.44,17.6,654615,8
1/8/21 13:00,17.56,17.98,17.5,17.875,802769,9
1/8/21 12:00,17.55,17.63,17.35,17.55,529699,34
1/8/21 11:00,17.5712,17.86,17.08,17.57,1597335,20
1/8/21 10:00,18.32,18.33,17.45,17.595,1053350,40
1/8/21 9:00,18.1,18.4,18.1,18.33,13169,24
1/8/21 8:00,18.15,18.4,18.15,18.34,1228,7
1/8/21 6:00,18.09,18.09,18.09,18.09,160,0
1/7/21 20:00,18.38,18.43,18.34,18.4,3230,13
1/7/21 19:00,18.26,18.4,18.25,18.26,2847,2
1/7/21 18:00,18.2501,18.46,18.08,18.25,24157,5
1/7/21 17:00,18.08,18.33,18.01,18.2502,30084,3
1/7/21 16:00,18.28,18.42,18.02,18.12,1465458,17
1/7/21 15:00,18.3736,18.47,18.15,18.275,894140,3
1/7/21 14:00,18.5863,18.655,18.36,18.39,363160,31
1/7/21 13:00,18.57,18.82,18.545,18.575,562262,2
1/7/21 12:00,18.88,18.9032,18.43,18.56,737188,1
1/7/21 11:00,19.4,19.44,18.78,18.85,954349,8
1/7/21 10:00,18.98,19.45,18.45,19.4001,992969,26
1/7/21 9:00,18.85,19.11,18.8,19,24706,11
1/7/21 8:00,18.84,19,18.83,19,4500,11
1/7/21 7:00,19.08,19.08,19,19,625,10
1/7/21 6:00,18.98,19.03,18.98,19.03,527,1
1/6/21 20:00,18.47,18.72,18.46,18.6999,8761,4
1/6/21 19:00,18.8,18.8,18.46,18.51,3513,5
1/6/21 18:00,18.3,18.8,18.29,18.8,15918,6
1/6/21 17:00,18.32,18.36,17.98,18.3,11172,3
1/6/21 16:00,18.22,18.43,18.08,18.39,940513,8
1/6/21 15:00,18.83,18.98,17.62,18.23,1136380,11
1/6/21 14:00,18.775,18.88,18.7201,18.815,403015,8
1/6/21 13:00,18.68,18.98,18.52,18.7844,627794,6
1/6/21 12:00,18.4,18.73,18.3,18.68,896120,13
1/6/21 11:00,17.605,18.48,17.54,18.4,1154779,10
1/6/21 10:00,17.54,17.95,17.33,17.605,662645,53
1/6/21 9:00,17.4119,17.65,17.4,17.55,12127,6
1/6/21 8:00,17.48,17.57,17.48,17.57,1486,10
1/6/21 6:00,17.27,17.27,17.27,17.27,277,0
1/6/21 5:00,17.51,17.51,17.3,17.3,250,0
1/5/21 20:00,17.53,17.7,17.53,17.58,5660,9
1/5/21 19:00,17.4,17.5,17.4,17.49,4927,9
1/5/21 18:00,17.48,17.49,17.37,17.49,19135,9
1/5/21 17:00,17.37,17.52,17.37,17.48,15907,11
1/5/21 16:00,17.255,17.54,17.24,17.36,1019773,23
1/5/21 15:00,17.49,17.5699,17.23,17.267,507852,30
1/5/21 14:00,17.66,17.66,17.39,17.4897,665838,12
1/5/21 13:00,17.56,17.66,17.525,17.64,351796,12
1/5/21 12:00,17.56,17.7,17.45,17.555,440352,6
1/5/21 11:00,17.76,17.84,17.51,17.55,820042,5
1/5/21 10:00,17.11,18.0765,17.08,17.7,1003508,0
1/5/21 9:00,17.2801,17.55,17.06,17.1001,27577,6
1/5/21 8:00,17.7,17.7,17.29,17.3,2696,0
1/5/21 7:00,17.5,17.5,17.5,17.5,890,0
1/5/21 5:00,17.25,17.25,17.25,17.25,112,0
1/4/21 20:00,17.5,17.51,17.37,17.37,1226,0
1/4/21 19:00,17.47,17.5,17.47,17.47,1303,2
1/4/21 18:00,17.47,17.49,17.4,17.4,6193,5
1/4/21 17:00,17.25,17.53,17.2202,17.37,9062,7
1/4/21 16:00,17.41,17.55,17.22,17.24,1658791,16
1/4/21 15:00,17.58,17.62,17.36,17.405,789633,10
1/4/21 14:00,17.665,17.69,17.48,17.5711,607281,9
1/4/21 13:00,17.585,17.82,17.44,17.67,798625,4
1/4/21 12:00,17.5375,17.72,17.26,17.585,1564781,3
1/4/21 11:00,17.425,18.11,17.15,17.52,2675453,19
1/4/21 10:00,18.97,19.1,17.3501,17.425,1677931,31
1/4/21 9:00,19.074,19.1499,18.9,18.96,16561,0
1/4/21 8:00,19.25,19.25,19,19,6719,0
1/4/21 7:00,19.42,19.42,19.35,19.35,1109,0
1/4/21 5:00,19.1,19.4,19.1,19.4,1695,0
12/31/20 20:00,18.95,18.95,18.88,18.88,542,0
12/31/20 19:00,18.8,18.95,18.8,18.87,3923,0
12/31/20 18:00,18.8,19.1,18.65,19.1,15527,0
12/31/20 17:00,18.8302,18.9598,18.29,18.8,994483,0
12/31/20 16:00,18.98,19.04,18.8,18.81,1082268,3
12/31/20 15:00,19.46,19.47,18.905,18.99,796981,15
12/31/20 14:00,19.73,19.7499,19.33,19.46,372734,8
12/31/20 13:00,19.3701,19.8,19.34,19.72,767556,6
12/31/20 12:00,19.04,19.4599,19.03,19.37,921032,15
12/31/20 11:00,19.44,19.49,18.96,19.05,705388,3
12/31/20 10:00,19.35,19.63,18.96,19.46,1000439,0
12/31/20 9:00,19.4,19.4993,19.3,19.36,10620,0
12/31/20 8:00,19.52,19.55,19.27,19.3,3682,0
12/31/20 7:00,19.52,19.56,19.52,19.55,385,0
12/31/20 6:00,19.8,19.8,19.8,19.8,527,0
12/31/20 5:00,19.8,19.8,19.8,19.8,421,0
12/30/20 20:00,19.16,19.35,19.16,19.34,1522,10
12/30/20 19:00,19.21,19.22,19.1,19.15,7658,6
12/30/20 18:00,19.26,19.4,19.21,19.21,10553,0
12/30/20 17:00,19.3,19.3,19,19.23,6529,2
12/30/20 16:00,19.015,19.42,18.85,19.26,1384365,21
12/30/20 15:00,19.2601,19.5,19.015,19.015,593901,0
12/30/20 14:00,19.03,19.28,19.025,19.2689,477057,13
12/30/20 13:00,19.25,19.32,19,19.0201,753961,9
12/30/20 12:00,19.47,19.5178,19.2,19.26,789229,10
12/30/20 11:00,19.805,19.84,19.41,19.465,942178,9
12/30/20 10:00,19.02,20,19.02,19.83,809746,0
12/30/20 9:00,19.32,19.58,19.02,19.04,16194,0
12/30/20 8:00,19.39,19.5,19.3,19.3,2314,0
12/30/20 7:00,19.34,19.6,19.34,19.59,1625,0
12/30/20 6:00,19.32,19.32,19.32,19.32,100,0
12/29/20 20:00,19.24,19.24,19.01,19.05,4983,2
12/29/20 19:00,19.37,19.37,18.9,19.23,18624,4
12/29/20 18:00,19.3598,19.37,19.3598,19.36,8841,3
12/29/20 17:00,19.31,19.5,19.3,19.35,28925,10
12/29/20 16:00,19.6789,19.83,19.3,19.37,1192465,28
12/29/20 15:00,19.79,20.03,19.495,19.67,1231265,4
12/29/20 14:00,19.37,19.87,19.33,19.785,597241,14
12/29/20 13:00,19.701,19.76,19.11,19.36,914087,7
12/29/20 12:00,19.187,19.71,19.0911,19.69,876914,6
12/29/20 11:00,19.8304,19.86,18.56,19.17,2764188,16
12/29/20 10:00,21.0302,21.19,19.65,19.8032,1442995,0
12/29/20 9:00,21.2199,21.22,21,21.03,13615,0
12/29/20 8:00,21.16,21.22,21.09,21.09,8338,0
12/29/20 6:00,21.05,21.22,21.05,21.22,857,0
12/29/20 5:00,21,21,21,21,345,0
12/28/20 20:00,21.12,21.15,21,21.15,10281,4
12/28/20 19:00,21.16,21.19,21.1,21.12,5119,10
12/28/20 18:00,21.01,21.2,20.99,21.2,18608,13
12/28/20 17:00,20.99,21.1,20.88,21.1,15544,5
12/28/20 16:00,20.646,21.11,20.57,20.98,1155627,23
12/28/20 15:00,20.43,20.81,20.425,20.639,477433,8
12/28/20 14:00,20.868,20.9389,20.42,20.4368,597811,8
12/28/20 13:00,21.13,21.17,20.84,20.86,558804,25
12/28/20 12:00,21.0169,21.3799,20.88,21.12,746228,12
12/28/20 11:00,21.685,21.97,20.35,21.0001,2635604,1
12/28/20 10:00,21.45,21.7,20.46,21.6859,2516923,0
12/28/20 9:00,22.1,22.57,21.26,21.44,158480,0
12/28/20 8:00,22.5,22.5,21.59,22.3,65176,0
12/28/20 7:00,22.48,22.53,22.2,22.4,5334,0
12/28/20 6:00,22.6,22.88,22.06,22.52,8735,0
12/28/20 5:00,20.25,23.5,20.2,23.29,17963,0
12/24/20 17:00,20.26,20.26,20.26,20.26,200,0
12/24/20 16:00,20.15,20.15,20.15,20.15,0,0
12/24/20 14:00,20.15,20.15,20.15,20.15,62913,0
12/24/20 13:00,20.595,20.595,19.95,20.2,1610258,0
12/24/20 12:00,20.67,20.75,20.16,20.6,1200049,0
12/24/20 11:00,21.125,21.15,20.575,20.6775,1348044,0
12/24/20 10:00,21.14,21.48,20.56,21.125,1900456,0
12/24/20 9:00,21.1699,21.17,20.75,21.1286,25497,0
12/24/20 8:00,20.99,21.19,20.63,21.1,23125,0
12/24/20 7:00,20.56,20.56,20.55,20.55,569,0
12/24/20 6:00,20.8,20.8,20.8,20.8,386,0
12/24/20 5:00,21.18,21.18,21.18,21.18,100,0
12/23/20 20:00,20.66,20.78,20.6,20.7699,8093,0
12/23/20 19:00,20.8,20.85,20.6,20.78,4946,1
12/23/20 18:00,20.5,20.7,20.5,20.6,86188,14
12/23/20 17:00,20.61,20.9,20.46,20.6,57528,14
12/23/20 16:00,21.08,21.27,20.5,20.58,2004818,9
12/23/20 15:00,21.6782,21.7499,20.645,21.05,1829842,10
12/23/20 14:00,21.625,21.72,21.23,21.69,1495748,13
12/23/20 13:00,21.65,22.18,21.25,21.62,4206549,37
12/23/20 12:00,20.72,22.03,20.5,21.652,3570706,58
12/23/20 11:00,20.9483,22.3499,20.63,20.7103,7744918,11
12/23/20 10:00,19.8,21,19.13,20.95,4281296,0
12/23/20 9:00,20,20.88,19.6,19.84,103191,0
12/23/20 8:00,20.8,20.91,19.5,19.83,71559,0
12/23/20 7:00,20.69,20.95,20.53,20.95,14150,0
12/23/20 6:00,20.84,20.95,20.7,20.71,15536,0
12/23/20 5:00,19.87,21.5,19.7,20.9,44816,0
12/22/20 20:00,19.42,19.5,19.1,19.33,27125,1
12/22/20 19:00,19.42,19.44,19.35,19.43,12795,9
12/22/20 18:00,19.19,19.42,19.04,19.42,30339,19
12/22/20 17:00,19.46,19.75,18.76,19.19,572362,30
12/22/20 16:00,19.49,19.81,18.8,19.43,4001820,18
12/22/20 15:00,19.49,20.04,18.9,19.49,4597322,30
12/22/20 14:00,19.3493,19.84,19.23,19.48,3135742,155
12/22/20 13:00,19.09,19.3769,18.61,19.36,2450425,35
12/22/20 12:00,19.12,19.2,18.53,19.06,3552785,29
12/22/20 11:00,17.56,19.74,17.56,19.13,8004034,15
12/22/20 10:00,16.06,17.7,15.86,17.5524,3829373,40
12/22/20 9:00,16.0802,16.16,15.8999,16.07,118478,0
12/22/20 8:00,16,16.06,15.86,16.06,25061,0
12/22/20 7:00,15.85,15.85,15.85,15.85,100,0
12/21/20 20:00,16.01,16.05,15.93,16,21683,0
12/21/20 19:00,15.96,16.15,15.96,16.07,31262,0
12/21/20 18:00,15.8,15.96,15.7,15.71,38295,2
12/21/20 17:00,15.53,15.8,15.5,15.8,105023,7
12/21/20 16:00,15.38,15.765,15.33,15.5202,2259645,16
12/21/20 15:00,15.42,15.4575,15.28,15.375,676910,5
12/21/20 14:00,15.435,15.54,15.3525,15.415,591047,7
12/21/20 13:00,15.42,15.52,15.345,15.435,643571,8
12/21/20 12:00,15.7178,15.8,15.38,15.45,965325,20
12/21/20 11:00,15.898,15.96,15.63,15.7178,1618886,8
12/21/20 10:00,16.49,16.77,15.5301,15.8954,2687625,2
12/21/20 9:00,15.4001,17,15.1,16.5,229129,11
12/21/20 8:00,15.34,15.57,15.04,15.25,13672,28
12/21/20 7:00,14.83,15.29,14.83,15.29,6266,0
12/21/20 6:00,15.03,15.05,14.83,14.83,13040,0
12/21/20 5:00,15.77,15.77,15,15,3483,0
12/18/20 20:00,15.63,15.8,15.63,15.76,2263,0
12/18/20 19:00,15.88,15.9,15.7,15.76,914,1
12/18/20 18:00,15.7,15.83,15.52,15.83,10020,7
12/18/20 17:00,15.63,15.85,15.63,15.7498,440491,0
12/18/20 16:00,15.8,15.88,15.49,15.63,2427173,2
12/18/20 15:00,16.051,16.3,15.73,15.79,1799272,4
12/18/20 14:00,15.91,16.09,15.79,16.0682,1094549,23
12/18/20 13:00,15.77,15.96,15.71,15.92,1227307,16
12/18/20 12:00,15.9284,16.18,15.71,15.76,2377729,8
12/18/20 11:00,15.31,15.98,15.3,15.9201,2348894,60
12/18/20 10:00,14.93,15.95,14.93,15.31,3300640,2
12/18/20 9:00,14.8701,14.92,14.8303,14.92,19655,26
12/18/20 8:00,14.89,14.94,14.83,14.89,6564,0
12/18/20 7:00,14.84,14.84,14.83,14.83,6800,0
12/18/20 6:00,14.83,14.83,14.83,14.83,119,0
12/17/20 20:00,14.7701,14.9299,14.77,14.92,6024,0
12/17/20 19:00,14.7,14.8,14.7,14.8,2139,0
12/17/20 18:00,14.8,14.8,14.7,14.7001,10049,0
12/17/20 17:00,14.83,14.8302,14.66,14.7,12215,5
12/17/20 16:00,14.74,14.98,14.73,14.83,2498670,3
12/17/20 15:00,14.55,14.75,14.5,14.74,633880,21
12/17/20 14:00,14.54,14.62,14.2812,14.55,578010,26
12/17/20 13:00,14.45,14.64,14.36,14.5381,1015453,20
12/17/20 12:00,14.05,14.465,14,14.44,1265885,33
12/17/20 11:00,13.98,14.18,13.925,14.05,902423,25
12/17/20 10:00,14.09,14.09,13.59,13.96,1177689,2
12/17/20 9:00,14.08,14.13,13.91,14.07,17496,0
12/17/20 8:00,14.12,14.18,14,14.18,4057,0
12/17/20 7:00,14.35,14.4,14.33,14.4,1700,0
12/17/20 6:00,13.87,13.87,13.87,13.87,182,2
12/17/20 5:00,13.72,13.85,13.72,13.85,452,0
12/16/20 20:00,13.91,14.06,13.91,14.06,2182,0
12/16/20 19:00,13.86,13.9,13.85,13.9,2379,0
12/16/20 18:00,13.86,13.86,13.85,13.85,584,0
12/16/20 17:00,13.85,14,13.72,13.77,49671,3
12/16/20 16:00,13.98,13.99,13.75,13.85,919909,1
12/16/20 15:00,14.15,14.15,13.96,13.975,305577,0
12/16/20 14:00,14.08,14.305,14.03,14.15,929822,0
12/16/20 13:00,13.92,14.08,13.85,14.0799,619607,0
12/16/20 12:00,13.85,13.99,13.8122,13.92,321088,5
12/16/20 11:00,14.037,14.18,13.58,13.8301,1098536,0
12/16/20 10:00,14.05,14.15,13.65,14.04,1132257,0
12/16/20 9:00,14.13,14.15,13.85,14.05,27062,0
12/16/20 8:00,14.12,14.16,13.9,14,4982,0
12/16/20 7:00,14.05,14.05,14.05,14.05,700,0
12/15/20 20:00,13.8,13.85,13.75,13.83,1532,0
12/15/20 19:00,13.78,13.85,13.77,13.85,1534,0
12/15/20 18:00,13.9,13.9,13.8,13.87,6796,1
12/15/20 17:00,13.85,13.95,13.75,13.9001,196801,3
12/15/20 16:00,13.85,13.91,13.73,13.87,1435186,8
12/15/20 15:00,13.82,14.02,13.56,13.85,1158965,6
12/15/20 14:00,13.42,14,13.42,13.82,1910036,3
12/15/20 13:00,13.265,13.5,13.17,13.4106,931038,33
12/15/20 12:00,12.947,13.29,12.89,13.2695,773840,38
12/15/20 11:00,12.69,13.04,12.63,12.95,726809,7
12/15/20 10:00,12.8298,13.07,12.48,12.6907,941404,0
12/15/20 9:00,12.95,12.95,12.78,12.83,8435,0
12/15/20 8:00,12.81,12.9,12.76,12.84,5825,0
12/15/20 7:00,12.98,13,12.98,13,5300,0
12/15/20 6:00,12.98,12.98,12.98,12.98,115,0
12/15/20 5:00,12.7,12.7,12.7,12.7,230,0
12/14/20 20:00,12.71,12.75,12.71,12.73,1628,2
12/14/20 19:00,12.71,12.74,12.71,12.73,2654,1
12/14/20 18:00,12.71,12.8,12.71,12.72,4708,0
12/14/20 17:00,12.72,12.8,12.71,12.71,258801,5
12/14/20 16:00,12.9489,12.97,12.71,12.72,1459715,1
12/14/20 15:00,13.01,13.04,12.78,12.94,496092,1
12/14/20 14:00,12.73,13.09,12.6761,13.0026,804756,2
12/14/20 13:00,12.7764,12.95,12.7,12.74,717618,6
12/14/20 12:00,12.3,12.778,12.3,12.7778,1217295,3
12/14/20 11:00,12.7,12.75,12.14,12.3,3181895,6
12/14/20 10:00,13.32,13.45,12.6138,12.6999,1658128,4
12/14/20 9:00,13.45,13.5,13.32,13.34,26087,0
12/14/20 8:00,13.51,13.51,13.32,13.32,11038,0
12/14/20 7:00,13.35,13.35,13.35,13.35,300,0
12/14/20 5:00,13.31,13.31,13.31,13.31,584,0
12/11/20 20:00,13.32,13.38,13.19,13.25,5289,0
12/11/20 19:00,13.35,13.37,13.33,13.33,4516,0
12/11/20 18:00,13.35,13.38,13.22,13.37,92893,0
12/11/20 17:00,13.31,13.39,13.28,13.34,18622,0
12/11/20 16:00,13.525,13.55,13.26,13.31,1425946,3
12/11/20 15:00,13.395,13.64,13.34,13.52,686393,2
12/11/20 14:00,13.24,13.45,13.17,13.3938,591632,2
12/11/20 13:00,13.36,13.385,13.02,13.237,1140677,0
12/11/20 12:00,13.4858,13.54,13.21,13.37,985007,0
12/11/20 11:00,13.62,13.7662,13.25,13.4801,1144652,2
12/11/20 10:00,14.0364,14.07,13.4,13.61,1356437,1
12/11/20 9:00,14.0519,14.2,14.05,14.07,6381,0
12/11/20 8:00,14.12,14.12,14.05,14.05,668,0
12/11/20 6:00,14.12,14.12,14.12,14.12,100,0
12/10/20 20:00,14.12,14.1999,14.11,14.1999,6606,0
12/10/20 19:00,14.05,14.12,14.03,14.12,5648,1
12/10/20 18:00,14.05,14.13,13.9,14.12,11267,0
12/10/20 17:00,14.12,14.24,14.02,14.13,161539,1
12/10/20 16:00,14.235,14.41,14.065,14.12,1520073,0
12/10/20 15:00,13.95,14.37,13.87,14.23,974987,10
12/10/20 14:00,13.9,13.95,13.85,13.945,467023,18
12/10/20 13:00,13.7,13.9,13.6,13.8989,398992,5
12/10/20 12:00,13.86,13.87,13.61,13.71,918274,2
12/10/20 11:00,13.868,14.1,13.83,13.8681,1221188,0
12/10/20 10:00,13.12,13.8978,13,13.86,1752505,1
12/10/20 9:00,13.3,13.75,13.11,13.11,104205,0
12/10/20 8:00,13.75,13.76,13.22,13.24,27208,0
12/10/20 7:00,13.55,13.55,13.55,13.55,200,0
12/10/20 6:00,13.54,13.59,13.54,13.54,874,0
12/10/20 5:00,13.7,13.7,13.52,13.6,2230,0
12/9/20 20:00,13.73,13.81,13.65,13.65,5251,3
12/9/20 19:00,13.8,13.83,13.71,13.75,11504,8
12/9/20 18:00,13.75,13.82,13.75,13.81,15724,4
12/9/20 17:00,13.74,13.78,13.56,13.75,463551,5
12/9/20 16:00,13.85,13.89,13.52,13.6576,1946785,20
12/9/20 15:00,13.68,13.86,13.57,13.855,1676785,10
12/9/20 14:00,14.165,14.24,13.66,13.675,1619003,15
12/9/20 13:00,14.26,14.26,13.865,14.17,1597487,3
12/9/20 12:00,14.065,14.42,13.99,14.27,2551061,3
12/9/20 11:00,14.13,14.17,13.65,14.06,4361895,1
12/9/20 10:00,14.1,14.73,13.225,14.125,9669685,2
12/9/20 9:00,14.0701,14.47,13.85,14.11,433884,0
12/9/20 8:00,14.15,14.49,14,14.35,79666,0
12/9/20 7:00,14.11,14.21,13.83,14.14,17977,0
12/9/20 6:00,14.27,14.28,14.11,14.25,6537,0
12/9/20 5:00,14.53,14.53,13.86,14.29,40692,0
12/8/20 20:00,14.26,14.3,14,14,163222,50
12/8/20 19:00,14.62,14.71,13.85,14.25,961104,56
12/8/20 18:00,14.84,15,14.64,14.65,857332,110
12/8/20 17:00,16.85,18.3,14.71,14.8498,4676591,124
12/8/20 16:00,16.115,17.21,16.105,16.92,3526313,280
12/8/20 15:00,16.405,16.54,16.07,16.12,1493598,177
12/8/20 14:00,16.22,16.43,16.22,16.405,627380,65
12/8/20 13:00,16.22,16.39,16.13,16.23,750763,18
12/8/20 12:00,16.38,16.39,16.13,16.22,697449,15
12/8/20 11:00,16.08,16.61,16,16.38,1014875,9
12/8/20 10:00,16.38,16.6,15.93,16.08,1192777,1
12/8/20 9:00,16.4499,16.55,16.34,16.45,43860,0
12/8/20 8:00,16.39,16.49,16.39,16.45,4744,0
12/8/20 7:00,16.6,16.6,16.3,16.34,2779,0
12/8/20 6:00,16.59,16.6,16.59,16.6,920,0
12/8/20 5:00,16.38,16.5,16.38,16.5,840,0
12/7/20 20:00,16.49,16.63,16.49,16.63,18237,7
12/7/20 19:00,16.35,16.47,16.34,16.47,6953,11
12/7/20 18:00,16.35,16.35,16.3,16.35,24060,0
12/7/20 17:00,16.35,16.47,16.3,16.35,37509,10
12/7/20 16:00,16.49,16.53,16.22,16.32,1464182,10
12/7/20 15:00,16.41,16.53,16.38,16.48,447281,8
12/7/20 14:00,16.63,16.65,16.37,16.417,583409,4
12/7/20 13:00,16.65,16.76,16.57,16.64,487680,3
12/7/20 12:00,16.33,16.69,16.23,16.66,1247579,8
12/7/20 11:00,16.715,16.9,16.22,16.3,1567251,6
12/7/20 10:00,17,17.5,16.68,16.73,1317910,8
12/7/20 9:00,17.02,17.1,16.75,17,34071,0
12/7/20 8:00,17.06,17.1,16.65,16.87,9851,0
12/7/20 6:00,16.9,16.9,16.9,16.9,308,0
12/7/20 5:00,16.9,16.9,16.9,16.9,7619,0
12/4/20 20:00,16.87,16.98,16.8,16.98,9399,0
12/4/20 19:00,17,17.06,16.83,16.86,13991,1
12/4/20 18:00,16.76,17,16.76,17,10277,8
12/4/20 17:00,16.95,17,16.5,16.95,143295,0
12/4/20 16:00,16.79,16.91,16.6501,16.91,1202466,14
12/4/20 15:00,17.03,17.115,16.76,16.79,660547,8
12/4/20 14:00,17.17,17.26,16.93,17.015,804778,6
12/4/20 13:00,17.17,17.25,16.89,17.18,988499,24
12/4/20 12:00,16.815,17.19,16.75,17.17,1254098,7
12/4/20 11:00,16.88,17.0812,16.64,16.82,1684516,11
12/4/20 10:00,16.22,17.29,16.15,16.91,1903215,2
12/4/20 9:00,16.32,16.36,16.19,16.24,26024,1
12/4/20 8:00,16.3,16.35,16.21,16.26,3752,0
12/4/20 7:00,16.3,16.3,16.3,16.3,985,0
12/4/20 5:00,16.15,16.15,16.15,16.15,1264,0
12/3/20 20:00,16.27,16.29,16.2,16.2001,7768,0
12/3/20 19:00,16.26,16.29,16.2,16.2899,6089,0
12/3/20 18:00,16.16,16.26,16.16,16.26,5049,0
12/3/20 17:00,16.14,16.2,16.06,16.18,11684,0
12/3/20 16:00,15.985,16.17,15.95,16.12,1888908,0
12/3/20 15:00,15.99,16.09,15.96,15.985,480567,0
12/3/20 14:00,15.935,16.19,15.87,15.9971,648449,0
12/3/20 13:00,16.13,16.15,15.89,15.93,663813,0
12/3/20 12:00,16.19,16.19,15.92,16.128,807077,0
12/3/20 11:00,16.2924,16.5452,16.12,16.2,834920,9
12/3/20 10:00,16.62,16.7734,16.215,16.29,864281,0
12/3/20 9:00,16.5001,16.75,16.5,16.62,24306,0
12/3/20 8:00,16.58,16.68,16.39,16.68,4464,0
12/3/20 7:00,16.6,16.6,16.58,16.58,397,0
12/2/20 20:00,16.58,16.58,16.52,16.52,2276,6
12/2/20 19:00,16.63,16.68,16.59,16.6,1797,7
12/2/20 18:00,16.65,16.68,16.59,16.65,8509,6
12/2/20 17:00,16.58,16.7,16.51,16.65,41979,9
12/2/20 16:00,16.35,16.68,16.25,16.59,1392994,9
12/2/20 15:00,16,16.35,15.92,16.345,739333,28
12/2/20 14:00,15.9189,16.09,15.84,16.0075,701938,7
12/2/20 13:00,16.1,16.2,15.86,15.92,564077,1
12/2/20 12:00,16.05,16.18,15.9,16.1127,601765,3
12/2/20 11:00,16.275,16.45,16.02,16.05,1434615,3
12/2/20 10:00,15.9,16.59,15.38,16.26,2171291,8
12/2/20 9:00,15.8001,16,15.5,15.95,80564,5
12/2/20 8:00,15.98,15.98,15.5,15.69,12013,0
12/2/20 7:00,15.77,15.77,15.75,15.75,500,0
12/2/20 6:00,15.75,15.75,15.75,15.75,394,0
12/2/20 5:00,16.19,16.19,15.75,15.75,1919,0
12/1/20 20:00,15.91,16.2,15.91,16.05,8243,5
12/1/20 19:00,15.92,16,15.85,15.9,5845,5
12/1/20 18:00,15.98,16,15.88,15.93,11719,1
12/1/20 17:00,15.85,16,15.79,15.9602,391202,3
12/1/20 16:00,15.97,16.14,15.8,15.81,1914432,35
12/1/20 15:00,16.09,16.21,15.935,15.99,737231,14
12/1/20 14:00,16.38,16.3966,16.05,16.0956,795561,10
12/1/20 13:00,16.39,16.4599,16.06,16.38,1007260,19
12/1/20 12:00,16.37,16.9,16.31,16.403,1398898,8
12/1/20 11:00,16.75,16.9145,15.76,16.35,3092167,16
12/1/20 10:00,17.2,17.5,16.42,16.7284,2422564,19
12/1/20 9:00,17.11,17.4,17.05,17.21,125719,0
12/1/20 8:00,17.4,17.4,17,17.06,44953,0
12/1/20 7:00,17.57,17.57,17.4,17.41,4334,0
12/1/20 6:00,17.5,17.65,17.44,17.48,12780,0
12/1/20 5:00,16.9,17.5,16.9,17.5,11035,0
11/30/20 20:00,16.84,16.97,16.75,16.97,24701,19
11/30/20 19:00,16.84,16.94,16.84,16.86,18963,3
11/30/20 18:00,16.75,16.97,16.56207,16.94,82707,25
11/30/20 17:00,16.54,16.96,16.51,16.74,520043,25
11/30/20 16:00,17.405,17.63,16.5575,16.5678,3618280,47
11/30/20 15:00,17.595,17.99,17.12,17.405,2331732,95
11/30/20 14:00,17.97,18.15,17.53,17.595,1829839,56
11/30/20 13:00,17.78,18.13,17.6838,17.96,1846278,17
11/30/20 12:00,18.195,18.2099,17.38,17.815,3404737,37
11/30/20 11:00,18.942,19.275,16.88,18.19,7238741,30
11/30/20 10:00,17.4,19.42,17.4,18.945,8899778,40
11/30/20 9:00,17.55,18.44,16.6,17.4,638405,0
11/30/20 8:00,17,17.99,16.58,17.57,343338,0
11/30/20 7:00,18.44,18.5,17,17,79516,0
11/30/20 6:00,18.75,18.88,18.25,18.5,13908,0
11/30/20 5:00,17.25,20.25,17.25,18.65,58637,0
11/27/20 17:00,16.2,16.47,16.2,16.47,11634,2
11/27/20 16:00,16.08,16.08,16.08,16.08,0,3
11/27/20 14:00,16.08,16.08,16.08,16.08,101004,5
11/27/20 13:00,15.75,16.09,15.63,16.05,1682662,14
11/27/20 12:00,16.33,16.33,15.62,15.7403,2490681,12
11/27/20 11:00,16.37,16.74,15.86,16.3122,3838842,0
11/27/20 10:00,15.22,16.55,14.88,16.36,4216276,0
11/27/20 9:00,15.2,15.5,15.0002,15.21,88587,0
11/27/20 8:00,15.1,15.45,15.1,15.25,49994,0
11/27/20 7:00,15.22,15.22,15.22,15.22,450,0
11/27/20 6:00,15.25,15.28,15.22,15.22,2780,0
11/27/20 5:00,14.85,15.45,14.85,15.29,859,0
11/25/20 17:00,14.75,15.48,14.69,15.05,68832,1
11/25/20 16:00,14.6,15.25,14.58,14.75,3708971,0
11/25/20 15:00,14.275,14.6,14.19,14.5956,660527,50
11/25/20 14:00,14.23,14.34,14.16,14.26,409056,4
11/25/20 13:00,14.0878,14.27,14.01,14.24,536979,0
11/25/20 12:00,14.12,14.31,13.963,14.07,681752,1
11/25/20 11:00,13.75,14.5981,13.71,14.112,1949896,0
11/25/20 10:00,13.56,13.9,13.42,13.69,678665,0
11/25/20 9:00,13.9,13.9,13.55,13.65,14202,0
11/25/20 8:00,13.67,13.76,13.65,13.65,2650,0
11/24/20 20:00,13.8,13.8999,13.8,13.89,2878,1
11/24/20 19:00,13.84,13.85,13.84,13.85,337,1
11/24/20 18:00,13.78,13.86,13.75,13.76,4243,2
11/24/20 17:00,13.67,13.85,13.67,13.78,6168,3
11/24/20 16:00,13.82,13.92,13.655,13.68,774178,2
11/24/20 15:00,13.6054,13.91,13.58,13.83,513825,3
11/24/20 14:00,13.989,14.01,13.5,13.605,1202592,0
11/24/20 13:00,13.9778,14.16,13.94,13.985,436007,0
11/24/20 12:00,14.1045,14.26,13.88,13.979,668295,0
11/24/20 11:00,13.9848,14.24,13.8,14.12,1204933,0
11/24/20 10:00,14.25,14.45,13.3,14.01,2177150,0
11/24/20 9:00,14.28,14.4,14.11,14.2,34336,0
11/24/20 8:00,14.33,14.45,14.1,14.21,13060,0
11/24/20 7:00,14.09,14.5,14.09,14.45,5714,0
11/24/20 6:00,14.2,14.35,14.18,14.35,1939,0
11/24/20 5:00,14.19,14.19,14.19,14.19,903,2
11/23/20 20:00,14.08,14.15,14.05,14.15,5232,1
11/23/20 19:00,14.05,14.1,14.01,14.1,11854,0
11/23/20 18:00,13.9002,14.15,13.9002,14.04,35169,1
11/23/20 17:00,13.9,13.99,13.65,13.95,100824,2
11/23/20 16:00,13.8,14.12,13.61,13.9,2114294,3
11/23/20 15:00,13.895,13.965,13.76,13.795,668152,0
11/23/20 14:00,13.82,13.98,13.73,13.9,970883,0
11/23/20 13:00,13.51,13.945,13.42,13.84,1238075,3
11/23/20 12:00,13.1831,13.59,13.16,13.52,1018119,3
11/23/20 11:00,13.3867,13.6675,12.99,13.19,1660537,2
11/23/20 10:00,12.92,13.535,12.67,13.39,1619093,0
11/23/20 9:00,12.93,13,12.85,12.92,16082,2
11/23/20 8:00,12.9,13.06,12.84,12.91,12775,0
11/23/20 7:00,12.79,13.07,12.79,13.07,233,0
11/20/20 20:00,12.79,12.79,12.72,12.72,2622,0
11/20/20 19:00,12.75,12.83,12.75,12.8,3897,0
11/20/20 18:00,12.8,12.88,12.71,12.8,3576,3
11/20/20 17:00,12.78,12.8,12.62,12.8,10392,2
11/20/20 16:00,12.835,12.85,12.62,12.71,1017708,4
11/20/20 15:00,12.82,12.905,12.77,12.82,388622,2
11/20/20 14:00,12.9962,13.1,12.8,12.81,536422,0
11/20/20 13:00,12.73,13.1211,12.6,13,1057641,0
11/20/20 12:00,13.22,13.245,12.63,12.728,1266691,2
11/20/20 11:00,12.965,13.46,12.952,13.21,2040225,0
11/20/20 10:00,12.58,13.13,12.36,12.9633,1672539,14
11/20/20 9:00,12.69,12.72,12.51,12.55,21776,2
11/20/20 8:00,12.66,12.8,12.65,12.75,9616,0
11/20/20 7:00,12.79,12.79,12.75,12.75,300,1
11/20/20 6:00,12.79,12.8,12.79,12.8,723,0
11/19/20 20:00,12.33,12.45,12.29,12.29,10997,1
11/19/20 19:00,12.47,12.47,12.35,12.35,11866,0
11/19/20 18:00,12.52,12.52,12.44,12.46,197095,0
11/19/20 17:00,12.46,12.57,12.46,12.5398,113300,0
11/19/20 16:00,12.56,12.79,12.28,12.46,2479270,0
11/19/20 15:00,12.047,12.75,12.0064,12.57,4347653,0
11/19/20 14:00,12.006,12.09,11.91,12.03,445173,30
11/19/20 13:00,12.16,12.22,11.93,12.0091,439605,0
11/19/20 12:00,11.765,12.23,11.714,12.1617,1121097,1
11/19/20 11:00,12.1323,12.22,11.76,11.765,968753,0
11/19/20 10:00,11.65,12.19,11.45,12.145,1313618,2
11/19/20 9:00,11.57,11.68,11.57,11.6499,7679,1
11/19/20 8:00,11.65,11.65,11.53,11.6,970,0
11/18/20 20:00,11.55,11.55,11.45,11.52,5985,0
11/18/20 19:00,11.61,11.65,11.45,11.65,18472,0
11/18/20 18:00,11.69,11.7,11.59,11.62,6144,0
11/18/20 17:00,11.57,11.73,11.57,11.61,4936,0
11/18/20 16:00,11.7,11.78,11.56,11.58,561900,0
11/18/20 15:00,11.72,11.77,11.66,11.7,274264,0
11/18/20 14:00,11.79,11.88,11.6,11.715,243987,0
11/18/20 13:00,11.8806,11.94,11.77,11.78,281148,0
11/18/20 12:00,11.888,11.97,11.83,11.89,321865,0
11/18/20 11:00,11.685,12.04,11.6474,11.89,637654,0
11/18/20 10:00,11.68,11.89,11.58,11.66,684768,0
11/18/20 9:00,11.7999,11.9,11.65,11.68,9717,1
11/18/20 8:00,11.9,11.9,11.8,11.8,3804,0
11/18/20 7:00,11.88,11.91,11.88,11.91,2002,0
11/18/20 5:00,11.95,11.95,11.95,11.95,2000,0
11/17/20 20:00,11.62,11.65,11.6,11.65,1679,2
11/17/20 19:00,11.6,11.65,11.6,11.64,3930,0
11/17/20 18:00,11.55,11.63,11.55,11.6,1136,0
11/17/20 17:00,11.63,11.74,11.32,11.5998,18650,1
11/17/20 16:00,11.7299,11.73,11.54,11.64,909632,0
11/17/20 15:00,11.87,11.92,11.69,11.715,506718,0
11/17/20 14:00,11.74,11.88,11.66,11.88,399813,1
11/17/20 13:00,11.33,11.79,11.32,11.7412,952977,2
11/17/20 12:00,11.32,11.52,11.31,11.33,978821,0
11/17/20 11:00,11.52,11.685,11.23,11.32,945913,0
11/17/20 10:00,11.62,11.9,11.3,11.52,1577862,0
11/17/20 9:00,11.9601,12,11.3001,11.65,63938,0
11/17/20 8:00,11.99,12,11.35,11.75,62002,0
11/17/20 7:00,12.01,12.1,12,12,11713,0
11/17/20 6:00,12.15,12.15,12.15,12.15,197,0
11/17/20 5:00,11.97,12.15,11.96,12.15,1620,0
11/16/20 20:00,11.7,11.96,11.4,11.85,32061,6
11/16/20 19:00,11.5,11.78,11.5,11.7,9585,3
11/16/20 18:00,12.16,12.6,11.48,11.48,89793,2
11/16/20 17:00,12.06,12.2,11.96,12.15,13691,2
11/16/20 16:00,12.38,12.47,11.75,12.07,1860967,1
11/16/20 15:00,12.29,12.49,12.26,12.4,553051,
11/16/20 14:00,12.4,12.4,12.1,12.28,774695,2
11/16/20 13:00,12.342,12.6602,12.34,12.39,1413734,1
11/16/20 12:00,11.965,12.36,11.89,12.32,1368586,37
11/16/20 11:00,11.365,12.22,11.33,11.965,2448243,2
11/16/20 10:00,11.06,11.44,10.72,11.36,1008301,7
11/16/20 9:00,11.1,11.18,11,11.06,21261,0
11/16/20 8:00,11.12,11.16,11,11.02,9662,0
11/13/20 20:00,11,11.09,11,11,6873,0
11/13/20 19:00,11,11,10.99,10.99,6095,0
11/13/20 18:00,11.03,11.11,10.59,11.02,17642,0
11/13/20 17:00,11.01,11.1,11,11.03,28810,0
11/13/20 16:00,11.14,11.165,11,11.015,691130,0
11/13/20 15:00,11.09,11.16,11.05,11.135,361629,0
11/13/20 14:00,11.21,11.21,11.092,11.1082,310888,0
11/13/20 13:00,11.165,11.22,11.095,11.21,328452,0
11/13/20 12:00,11.1631,11.26,11.122,11.17,276953,0
11/13/20 11:00,11.3675,11.51,11.13,11.16,585095,0
11/13/20 10:00,11.26,11.55,11.09,11.37,866067,0
11/13/20 9:00,11.1339,11.38,11.1339,11.3,11589,0
11/13/20 8:00,11.3,11.34,11.18,11.34,12045,1
11/13/20 5:00,11.23,11.23,11.23,11.23,100,0
11/12/20 20:00,11.2,11.25,11.2,11.25,1074,0
11/12/20 19:00,11.29,11.33,11.21,11.3,4493,0
11/12/20 18:00,11.17,11.29,11.17,11.22,10972,0
11/12/20 17:00,11.1898,11.28,11.11,11.2,41282,0
11/12/20 16:00,11.12,11.171,10.97,11.14,871874,1
11/12/20 15:00,11.28,11.28,11.07,11.1281,763509,0
11/12/20 14:00,11.37,11.41,11.195,11.28,467830,0
11/12/20 13:00,11.68,11.69,11.31,11.38,545005,0
11/12/20 12:00,11.71,11.76,11.58,11.68,284690,0
11/12/20 11:00,11.59,11.85,11.55,11.69,437160,0
11/12/20 10:00,11.9,11.9,11.46,11.58,828034,0
11/12/20 9:00,11.6901,11.8972,11.69,11.8972,13911,0
11/12/20 8:00,11.75,11.8,11.71,11.8,1515,0
11/12/20 7:00,11.6,11.75,11.6,11.75,377,0
11/12/20 5:00,11.42,11.42,11.42,11.42,100,0
11/11/20 20:00,11.77,11.9,11.71,11.75,11818,2
11/11/20 19:00,11.78,11.79,11.73,11.73,13024,0
11/11/20 18:00,11.7,11.91,11.7,11.85,8943,0
11/11/20 17:00,11.75,11.8198,11.73,11.77,14321,1
11/11/20 16:00,11.65,11.79,11.61,11.76,618917,0
11/11/20 15:00,11.75,11.85,11.42,11.645,1229615,0
11/11/20 14:00,11.6141,11.75,11.56,11.745,514591,0
11/11/20 13:00,11.56,11.67,11.45,11.6184,285315,0
11/11/20 12:00,11.55,11.63,11.3804,11.57,389812,1
11/11/20 11:00,11.3431,11.58,11.21,11.5441,525221,1
11/11/20 10:00,11.5,11.95,11.2805,11.3462,1212545,0
11/11/20 9:00,11.56,11.6,11.45,11.54,5751,0
11/11/20 8:00,11.6,11.6,11.5,11.5,1070,0
11/11/20 7:00,11.8,11.8,11.7,11.7,1790,0
11/11/20 6:00,11.75,11.8,11.75,11.8,1151,0
11/11/20 5:00,11.88,11.88,11.88,11.88,130,0
11/10/20 20:00,11.42,11.5,11.4,11.48,1756,0
11/10/20 19:00,11.55,11.59,11.5,11.5,2992,0
11/10/20 18:00,11.55,11.59,11.55,11.55,5114,0
11/10/20 17:00,11.1,11.65,11.09,11.32,30226,2
11/10/20 16:00,11.3,11.34,11.1,11.11,726518,1
11/10/20 15:00,11.45,11.47,11.25,11.31,266581,1
11/10/20 14:00,11.5188,11.6188,11.38,11.44,388098,0
11/10/20 13:00,11.31,11.66,11.295,11.52,407673,0
11/10/20 12:00,11.04,11.475,11.04,11.3112,404267,0
11/10/20 11:00,11.25,11.39,10.83,11.04,804742,0
11/10/20 10:00,11.5,11.75,11.21,11.24,600953,0
11/10/20 9:00,11.55,11.74,11.35,11.4999,18847,0
11/10/20 8:00,11.6,11.6,11.37,11.6,3388,0
11/10/20 7:00,11.95,12.02,11.5,11.6,2368,0
11/10/20 6:00,11.6,11.6,11.46,11.54,600,0
11/10/20 5:00,11.7,12.05,11.7,12.05,987,0
11/9/20 20:00,11.58,11.58,11.5,11.5,1101,0
11/9/20 19:00,11.54,11.59,11.51,11.51,3806,1
11/9/20 18:00,11.5,11.8,11.5,11.63,3937,0
11/9/20 17:00,11.49,11.6,11.35,11.55,19389,0
11/9/20 16:00,11.49,11.87,11.25,11.5,1395534,0
11/9/20 15:00,11.53,11.62,11.32,11.49,562539,1
11/9/20 14:00,11.674,11.74,11.4576,11.54,455846,1
11/9/20 13:00,11.92,12,11.61,11.67,605324,3
11/9/20 12:00,12.1,12.1878,11.8,11.92,534177,0
11/9/20 11:00,12.22,12.31,11.78,12.09,1078422,0
11/9/20 10:00,12.7,12.93,12.1,12.22,1437725,0
11/9/20 9:00,12.5399,12.95,12.25,12.66,86634,0
11/9/20 8:00,12.5,12.57,12.25,12.39,19549,0
11/9/20 7:00,12.49,12.5,12.25,12.5,470,0
11/9/20 6:00,12.25,12.65,12.23,12.65,934,0
11/9/20 5:00,11.9,12.23,11.9,12.23,385,0
11/6/20 19:00,12.08,12.08,11.99,12,4055,0
11/6/20 18:00,12,12.05,11.9,12.05,5844,0
11/6/20 17:00,11.86,12.1,11.83,11.91,17124,1
11/6/20 16:00,11.9399,12.04,11.8,11.87,895343,2
11/6/20 15:00,12,12.02,11.81,11.931,397505,0
11/6/20 14:00,11.81,12.095,11.78,11.9981,650519,0
11/6/20 13:00,11.64,11.95,11.64,11.81,644721,1
11/6/20 12:00,11.68,11.8,11.5532,11.635,404143,1
11/6/20 11:00,12.02,12.02,11.65,11.68,1004162,0
11/6/20 10:00,11.43,12.17,11.29,12.02,1399106,0
11/6/20 9:00,11.3,11.44,11.25,11.44,10144,0
11/6/20 8:00,11.44,11.44,11.39,11.4,624,0
11/5/20 20:00,11.49,11.49,11.49,11.49,320,0
11/5/20 19:00,11.64,11.64,11.64,11.64,301,0
11/5/20 18:00,11.6,11.6,11.49,11.6,7841,0
11/5/20 17:00,11.45,11.77,11.45,11.55,13028,0
11/5/20 16:00,11.521,11.65,11.45,11.46,935063,0
11/5/20 15:00,11.5,11.5337,11.36,11.5237,385479,0
11/5/20 14:00,11.48,11.59,11.4725,11.515,262326,0
11/5/20 13:00,11.57,11.5828,11.34,11.48,620145,0
11/5/20 12:00,11.6231,11.71,11.41,11.5665,510472,0
11/5/20 11:00,11.57,11.84,11.5453,11.63,995211,0
11/5/20 10:00,11.11,11.75,11.05,11.57,947260,0
11/5/20 9:00,11.26,11.29,10.91,11.14,12534,0
11/5/20 8:00,11.29,11.29,11,11,1054,0
11/5/20 7:00,11.42,11.42,11.42,11.42,300,0
11/5/20 6:00,11.19,11.45,11.19,11.45,350,0
11/5/20 5:00,10.96,10.96,10.74,10.74,594,0
11/4/20 20:00,11,11.1,11,11.1,2881,0
11/4/20 19:00,10.9,10.95,10.9,10.95,410,0
11/4/20 18:00,10.91,10.93,10.9,10.9,4086,0
11/4/20 17:00,10.94,10.95,10.77,10.95,23368,0
11/4/20 16:00,10.8011,10.94,10.69,10.9,1058763,1
11/4/20 15:00,10.94,10.99,10.61,10.8,991047,0
11/4/20 14:00,10.9789,11.07,10.92,10.93,379626,0
11/4/20 13:00,11.0399,11.1,10.96,10.97,536589,0
11/4/20 12:00,11.15,11.16,10.93,11.04,660069,0
11/4/20 11:00,11.27,11.37,10.97,11.1572,1107130,1
11/4/20 10:00,11.93,11.93,11.22,11.27,996414,0
11/4/20 9:00,11.77,11.98,11.63,11.9299,37766,0
11/4/20 8:00,11.8,12,11.69,11.77,20907,0
11/4/20 7:00,11.86,11.86,11.86,11.86,120,0
11/4/20 5:00,11.9,11.93,11.9,11.93,778,0
11/3/20 20:00,11.67,11.69,11.51,11.51,3666,0
11/3/20 19:00,11.57,11.69,11.57,11.59,4578,0
11/3/20 18:00,11.6,11.65,11.31,11.53,8921,2
11/3/20 17:00,11.57,11.64,11.53,11.64,10048,2
11/3/20 16:00,11.6101,11.86,11.54,11.56,2011478,1
11/3/20 15:00,11.355,11.62,11.34,11.62,402805,1
11/3/20 14:00,11.5178,11.52,11.35,11.36,413402,0
11/3/20 13:00,11.58,11.715,11.43,11.5,782665,1
11/3/20 12:00,11.3485,11.58,11.31,11.57,815370,1
11/3/20 11:00,11.07,11.42,11.04,11.35,1539336,3
11/3/20 10:00,10.84,11.07,10.63,11.05,920235,0
11/3/20 9:00,10.8028,10.95,10.8,10.8,15065,0
11/3/20 8:00,10.86,10.86,10.81,10.81,954,0
11/3/20 6:00,10.8,10.8,10.8,10.8,1000,0
11/2/20 20:00,10.76,10.85,10.75,10.84,4381,0
11/2/20 19:00,10.8,10.8,10.75,10.78,2099,0
11/2/20 18:00,10.7,10.7,10.7,10.7,5505,0
11/2/20 17:00,10.75,10.8,10.71,10.76,3342,0
11/2/20 16:00,10.525,10.8,10.52,10.75,1356112,0
11/2/20 15:00,10.52,10.6,10.5,10.5289,493913,0
11/2/20 14:00,10.8,10.805,10.52,10.52,371274,0
11/2/20 13:00,10.7,10.82,10.665,10.8,408973,0
11/2/20 12:00,10.72,10.75,10.515,10.695,589537,0
11/2/20 11:00,11.02,11.09,10.71,10.725,716234,0
11/2/20 10:00,10.9,11.05,10.5426,11.0163,1030708,0
11/2/20 9:00,10.65,10.96,10.65,10.95,40207,0
11/2/20 8:00,10.8,10.8,10.65,10.76,4814,0
11/2/20 6:00,10.98,10.98,10.98,10.98,200,0
11/2/20 5:00,10.65,10.65,10.61,10.61,1500,0
10/30/20 20:00,10.55,10.55,10.47,10.47,14889,0
10/30/20 19:00,10.7,10.7,10.51,10.53,9671,0
10/30/20 18:00,10.44,10.98,10.42,10.75,13381,4
10/30/20 17:00,10.47,10.56,10.41,10.44,3864,3
10/30/20 16:00,10.4834,10.54,10.36,10.465,1704935,3
10/30/20 15:00,10.51,10.53,10.4,10.4811,1127261,1
10/30/20 14:00,10.5308,10.74,10.5,10.5127,575259,1
10/30/20 13:00,10.6456,10.79,10.5,10.535,1040886,1
10/30/20 12:00,10.81,11.25,10.6322,10.6322,2322560,1
10/30/20 11:00,11.06,11.24,10.56,10.805,2980550,1
10/30/20 10:00,11.67,11.73,10.915,11.07,1432667,0
10/30/20 9:00,11.6622,11.83,11.6201,11.71,8288,0
10/30/20 8:00,11.73,11.73,11.67,11.73,1980,0
10/30/20 7:00,11.86,11.86,11.86,11.86,158,0
10/30/20 6:00,11.5,11.55,11.5,11.55,450,0
10/30/20 5:00,11.6,11.6,11.5,11.5,1462,0
10/29/20 20:00,11.77,11.85,11.75,11.85,4512,1
10/29/20 19:00,11.75,11.81,11.75,11.8,952,0
10/29/20 18:00,11.78,11.88,11.72,11.88,8250,1
10/29/20 17:00,11.73,11.94,11.63,11.71,14144,0
10/29/20 16:00,11.94,12.02,11.73,11.73,737045,1
10/29/20 15:00,11.83,12.01,11.825,11.9399,687985,0
10/29/20 14:00,11.86,11.9,11.73,11.825,319325,0
10/29/20 13:00,11.97,11.9711,11.82,11.86,258057,2
10/29/20 12:00,11.9101,12.02,11.835,11.955,388650,1
10/29/20 11:00,11.98,12.25,11.86,11.92,966366,0
10/29/20 10:00,12,12.13,11.6801,11.9703,657140,2
10/29/20 9:00,11.9499,12.2,11.86,12.11,25049,0
10/29/20 8:00,11.97,12.05,11.85,11.85,14587,0
10/29/20 7:00,11.9,11.9,11.9,11.9,200,0
10/29/20 6:00,11.98,11.98,11.98,11.98,100,0
10/29/20 5:00,11.98,11.98,11.98,11.98,202,0
10/28/20 20:00,11.82,11.9,11.75,11.9,5270,5
10/28/20 19:00,11.75,11.88,11.73,11.85,8994,1
10/28/20 18:00,11.8,11.83,11.73,11.74,8441,0
10/28/20 17:00,11.82,11.87,11.66,11.82,53446,1
10/28/20 16:00,12.19,12.195,11.78,11.81,1340507,1
10/28/20 15:00,12.235,12.29,12.12,12.18,313157,1
10/28/20 14:00,12.2,12.28,12.1,12.2401,267071,0
10/28/20 13:00,12.23,12.378,12.14,12.21,403293,0
10/28/20 12:00,12.164,12.35,12.085,12.23,649901,0
10/28/20 11:00,12.495,12.65,12.08,12.16,1495711,0
10/28/20 10:00,12.12,13.05,12.08,12.485,1696809,0
10/28/20 9:00,12.65,12.7001,12.1,12.14,81344,0
10/28/20 8:00,12.7,12.7,12.49,12.5,5600,0
10/27/20 20:00,12.6,12.65,12.52,12.6,12512,1
10/27/20 19:00,12.85,12.85,12.6,12.6,4460,0
10/27/20 18:00,12.65,13.1,12.55,12.99,28486,1
10/27/20 17:00,12.55,13.17,12.53,12.58,39995,3
10/27/20 16:00,12.71,12.855,12.68,12.7,900004,1
10/27/20 15:00,12.52,12.735,12.36,12.7,1173509,0
10/27/20 14:00,12.84,12.85,12.5,12.528,884157,11
10/27/20 13:00,12.95,12.95,12.79,12.835,487122,2
10/27/20 12:00,12.955,13.06,12.89,12.94,544648,2
10/27/20 11:00,12.91,13.02,12.665,12.96,1396873,0
10/27/20 10:00,13.72,13.79,12.8,12.8857,1674000,0
10/27/20 9:00,13.51,13.89,13.51,13.77,22589,0
10/27/20 8:00,13.74,13.88,13.51,13.88,10320,0
10/27/20 6:00,13.7,13.7,13.7,13.7,652,0
10/27/20 5:00,13.5,13.74,13.5,13.7,1864,0
10/26/20 20:00,13.59,13.64,13.51,13.55,11462,0
10/26/20 19:00,13.55,13.6,13.49,13.59,1507,2
10/26/20 18:00,13.54,13.55,13.47,13.55,3187,5
10/26/20 17:00,13.45,13.75,13.26,13.45,46956,2
10/26/20 16:00,13.67,13.74,13.47,13.495,1489617,5
10/26/20 15:00,13.5406,13.87,13.52,13.671,1652966,5
10/26/20 14:00,13.36,13.56,13.26,13.545,1290391,4
10/26/20 13:00,13.9,13.92,13.365,13.365,1145490,0
10/26/20 12:00,14.2538,14.45,13.5,13.8901,3208023,1
10/26/20 11:00,15.288,15.29,14.22,14.26,2097108,6
10/26/20 10:00,15.08,15.45,14.66,15.29,1709028,0
10/26/20 9:00,14.9201,15.0863,14.9,15.05,49488,0
10/26/20 8:00,14.95,14.98,14.9,14.94,16301,0
10/23/20 20:00,15,15.09,14.99,15.0899,7937,0
10/23/20 19:00,15,15.01,14.98,15,5619,1
10/23/20 18:00,15.02,15.1,15,15.05,5899,1
10/23/20 17:00,15,15.14,15,15.02,297376,1
10/23/20 16:00,14.955,15.1,14.95,15.03,990796,2
10/23/20 15:00,14.86,15.155,14.81,14.9581,1007770,0
10/23/20 14:00,14.78,14.96,14.77,14.87,464052,4
10/23/20 13:00,14.769,14.82,14.66,14.775,522805,1
10/23/20 12:00,14.75,14.9189,14.665,14.765,510514,0
10/23/20 11:00,14.84,14.87,14.55,14.75,960328,0
10/23/20 10:00,15.09,15.38,14.8005,14.82,1479879,0
10/23/20 9:00,15.1823,15.1823,15.06,15.15,31506,0
10/23/20 8:00,15,15.16,15,15.15,4359,0
10/23/20 5:00,14.86,14.86,14.86,14.86,200,0
10/22/20 20:00,15,15.1,14.95,15.01,5392,4
10/22/20 19:00,14.99,14.99,14.99,14.99,200,1
10/22/20 18:00,14.99,15.03,14.9,15,18119,1
10/22/20 17:00,14.9598,14.99,14.86,14.99,407824,0
10/22/20 16:00,14.84,15.13,14.81,14.91,1739543,2
10/22/20 15:00,14.7157,14.84,14.61,14.8311,729006,10
10/22/20 14:00,14.76,14.91,14.58,14.7111,774287,0
10/22/20 13:00,14.9389,14.97,14.55,14.76,1255499,1
10/22/20 12:00,15.19,15.278,14.72,14.9389,2059298,1
10/22/20 11:00,15.505,15.74,14.82,15.1992,4048200,0
10/22/20 10:00,14.3979,15.87,14.11,15.5001,4991051,0
10/22/20 9:00,14.4,14.45,14.2899,14.39,34507,0
10/22/20 8:00,14.4,14.4,14.22,14.38,404,0
10/22/20 7:00,14.35,14.5,14.35,14.5,2015,0
10/22/20 6:00,14.38,14.38,14.38,14.38,100,0
10/22/20 5:00,14.4,14.4,14.4,14.4,250,0
10/21/20 20:00,14.25,14.42,14.14,14.33,17914,2
10/21/20 19:00,14.13,14.43,14.13,14.3,20167,0
10/21/20 18:00,14.09,14.26,14.09,14.21,7318,1
10/21/20 17:00,14.14,14.23,14.08,14.12,11980,3
10/21/20 16:00,14.22,14.22,14,14.095,805767,3
10/21/20 15:00,14.185,14.2299,14.11,14.2189,465153,0
10/21/20 14:00,14.168,14.215,14.04,14.1801,386406,0
10/21/20 13:00,14.0307,14.225,14.03,14.17,578081,0
10/21/20 12:00,14.185,14.225,13.86,14.035,731067,0
10/21/20 11:00,14.275,14.42,14.16,14.18,1254851,0
10/21/20 10:00,13.9,14.3465,13.8,14.27,1030996,0
10/21/20 9:00,13.884,13.8901,13.75,13.87,23457,0
10/21/20 8:00,13.9,13.9,13.9,13.9,161,0
10/20/20 20:00,13.85,13.92,13.79,13.8,8099,0
10/20/20 19:00,13.81,13.82,13.81,13.81,2135,0
10/20/20 18:00,13.8102,13.92,13.81,13.92,8531,1
10/20/20 17:00,13.86,13.95,13.79,13.95,301254,3
10/20/20 16:00,13.95,14.04,13.79,13.86,1161507,0
10/20/20 15:00,13.86,14.07,13.85,13.94,742301,7
10/20/20 14:00,13.83,13.97,13.8,13.86,435021,8
10/20/20 13:00,13.818,13.92,13.73,13.82,591773,0
10/20/20 12:00,13.82,13.95,13.795,13.82,723584,1
10/20/20 11:00,13.83,14.143,13.69,13.83,1339951,0
10/20/20 10:00,14.0999,14.11,13.665,13.85,1156235,0
10/20/20 9:00,14.0399,14.1699,14.0399,14.1,16797,0
10/20/20 8:00,14.05,14.17,14.04,14.04,3903,0
10/20/20 7:00,14.19,14.19,14.19,14.19,250,0
10/20/20 6:00,14.1,14.14,14.1,14.14,418,0
10/20/20 5:00,13.96,13.96,13.96,13.96,121,0
10/19/20 20:00,13.91,14.03,13.86,13.92,9453,0
10/19/20 19:00,14.06,14.06,13.87,13.91,16038,0
10/19/20 18:00,14.15,14.2,14.01,14.14,8742,0
10/19/20 17:00,13.91,14.13,13.86,14.13,19142,0
10/19/20 16:00,14.095,14.13,13.83,13.91,1573637,0
10/19/20 15:00,14.1332,14.5,14.0727,14.1,1744202,0
10/19/20 14:00,14.1264,14.32,14.0304,14.135,2189814,0
10/19/20 13:00,14.025,14.175,13.84,14.13,1026799,0
10/19/20 12:00,13.77,14.08,13.7,14.0267,1673074,0
10/19/20 11:00,13.845,13.9399,13.565,13.77,2150965,0
10/19/20 10:00,13.5502,14.2,13.36,13.84,2519663,1
10/19/20 9:00,13.58,13.83,13.49,13.55,118535,0
10/19/20 8:00,13.45,13.8,13.45,13.65,22790,0
10/19/20 7:00,13.4,13.4,13.4,13.4,200,0
10/19/20 5:00,13.43,13.43,13.43,13.43,104,0
10/16/20 20:00,13.3,13.44,13.3,13.44,48949,0
10/16/20 19:00,13.29,13.32,13.26,13.28,2780,0
10/16/20 18:00,13.3,13.3,13.24,13.27,12587,3
10/16/20 17:00,13.31,13.31,13.06,13.27,22497,2
10/16/20 16:00,13.19,13.38,13.12,13.3,1616748,3
10/16/20 15:00,13.225,13.255,13.1,13.2,738318,4
10/16/20 14:00,13.1901,13.385,13.19,13.225,732464,5
10/16/20 13:00,13.37,13.4,13.08,13.2,1090963,1
10/16/20 12:00,13.6,13.66,13.17,13.365,1528795,4
10/16/20 11:00,13.7501,13.8799,13.3,13.6,2119814,0
10/16/20 10:00,13.96,14.06,13.23,13.8,3098729,2
10/16/20 9:00,14.1,14.19,13.81,13.94,114061,0
10/16/20 8:00,14.1,14.1,13.85,13.93,25777,0
10/16/20 7:00,13.99,14.1,13.99,14.1,3333,0
10/16/20 6:00,14.05,14.05,14.05,14.05,249,0
10/16/20 5:00,13.78,13.9,13.78,13.81,910,0
10/15/20 20:00,13.82,13.89,13.76,13.78,22700,2
10/15/20 19:00,13.88,13.99,13.81,13.81,63383,5
10/15/20 18:00,13.65,13.88,13.65,13.88,38336,5
10/15/20 17:00,13.76,14.04,13.63,13.66,200706,1
10/15/20 16:00,14.606,15.1,13.75,13.82,10293400,7
10/15/20 15:00,14.1099,14.6532,13.73,14.6,5616354,66
10/15/20 14:00,14.0201,14.44,13.65,14.1088,5256788,20
10/15/20 13:00,13.7562,14.18,13.21,14.02,6607415,30
10/15/20 12:00,12.57,13.79,12.55,13.75,4631436,20
10/15/20 11:00,12.92,12.98,12.49,12.57,3047956,6
10/15/20 10:00,11.99,13.375,11.9,12.926,3822011,0
10/15/20 9:00,12.18,12.39,11.95,11.99,65633,0
10/15/20 8:00,12.09,12.3,12.05,12.05,3100,0
10/15/20 7:00,12.09,12.09,12.09,12.09,100,0
10/15/20 6:00,12.05,12.08,11.86,12.08,3375,0
10/15/20 5:00,12.27,12.45,12.06,12.06,742,0
10/14/20 20:00,12.34,12.45,12.24,12.45,10236,0
10/14/20 19:00,12.25,12.35,12.25,12.34,4680,0
10/14/20 18:00,12.25,12.35,12.25,12.35,6389,0
10/14/20 17:00,12.25,12.54,12.21,12.36,70406,0
10/14/20 16:00,12.162,12.45,12.162,12.25,1220658,3
10/14/20 15:00,12.3641,12.376,12.15,12.169,1100121,0
10/14/20 14:00,12.44,12.48,12.3,12.37,834525,2
10/14/20 13:00,12.278,12.51,12.2,12.43,891277,0
10/14/20 12:00,12.1,12.6,12.08,12.2718,1941832,0
10/14/20 11:00,12.33,12.43,12.05,12.0999,1701649,4
10/14/20 10:00,12.64,12.75,12.1977,12.311,2745944,0
10/14/20 9:00,12.71,12.85,12.38,12.64,133453,0
10/14/20 8:00,12.73,12.8,12.53,12.56,72037,0
10/14/20 7:00,12.71,12.8,12.7,12.78,3416,0
10/14/20 6:00,12.8,12.8,12.71,12.71,1503,0
10/14/20 5:00,12.9,12.99,12.64,12.88,12073,0
10/13/20 20:00,12.43,12.6,12.43,12.58,56702,5
10/13/20 19:00,12.4,12.5,12.35,12.43,36323,1
10/13/20 18:00,12.71,12.79,12.25,12.43,296621,2
10/13/20 17:00,11.88,12.98,11.8,12.75,1095710,0
10/13/20 16:00,11.84,12.03,11.84,11.87,1268930,27
10/13/20 15:00,11.88,11.95,11.83,11.85,465499,1
10/13/20 14:00,12.01,12.11,11.79,11.9,1161020,1
10/13/20 13:00,11.8066,12.05,11.75,12.0001,840133,0
10/13/20 12:00,11.93,11.9789,11.72,11.81,824553,0
10/13/20 11:00,11.78,12.15,11.75,11.92,1445195,0
10/13/20 10:00,11.89,12.42,11.65,11.78,2477853,0
10/13/20 9:00,11.9399,12.0001,11.85,11.89,36097,0
10/13/20 8:00,11.99,12.03,11.9,12,13541,0
10/13/20 7:00,12,12.19,12,12.15,2109,0
10/12/20 20:00,11.83,11.94,11.81,11.9001,9753,1
10/12/20 19:00,11.9,11.95,11.8,11.8,33427,0
10/12/20 18:00,11.9,11.94,11.85,11.9,12163,2
10/12/20 17:00,11.86,11.91,11.75,11.89,631868,0
10/12/20 16:00,11.59,11.84,11.47,11.7903,2407301,0
10/12/20 15:00,11.9475,12.02,11.58,11.5801,1387426,1
10/12/20 14:00,11.842,12.0192,11.84,11.95,926427,3
10/12/20 13:00,11.955,11.97,11.785,11.85,1055155,2
10/12/20 12:00,12.295,12.45,11.85,11.9592,5099075,0
10/12/20 11:00,12.2,12.7662,12.05,12.2908,6391870,0
10/12/20 10:00,11.71,12.33,11.4,12.2,5451295,0
10/12/20 9:00,11.7,11.86,11.52,11.71,150183,0
10/12/20 8:00,11.68,11.9,11.55,11.55,36879,0
10/12/20 7:00,11.89,11.97,11.69,11.69,4574,0
10/12/20 6:00,12.05,12.05,11.82,11.82,777,0
10/12/20 5:00,11.84,12.12,10.8,12.12,20990,0
10/9/20 20:00,11.68,11.8,11.65,11.75,91869,2
10/9/20 19:00,11.7,11.72,11.52,11.68,114405,0
10/9/20 18:00,11.86,11.87,11.51,11.76,258832,5
10/9/20 17:00,12.04,12.04,11.86,11.86,867752,22
10/9/20 16:00,12.42,12.53,11.9,12.03,6406306,27
10/9/20 15:00,13.1002,13.16,12.11,12.425,5690389,11
10/9/20 14:00,13.5472,13.72,12.92,13.108,5603522,22
10/9/20 13:00,14.405,14.47,13.36,13.55,7157374,33
10/9/20 12:00,13.5844,14.8,13.5,14.3979,17657383,40
10/9/20 11:00,12.58,14.55,12.5601,13.5823,18503027,4
10/9/20 10:00,12.91,13.58,12.06,12.5938,12540637,15
10/9/20 9:00,12.6,13.41,12.36,12.9,1519231,0
10/9/20 8:00,13.11,13.45,12.33,12.6,547120,0
10/9/20 7:00,13.55,13.73,12.76,13.32,135802,0
10/9/20 6:00,13.88,13.98,13.54,13.55,32437,0
10/9/20 5:00,13.82,14.44,13.61,13.88,72130,0
10/8/20 20:00,14.34,14.64,14.04,14.09,679871,6
10/8/20 19:00,14.36,14.41,13.81,14.39,820580,47
10/8/20 18:00,14.79,14.89,13.49,14.44,2625377,29
10/8/20 17:00,13.5,14.93,13.16,14.77,7014369,63
10/8/20 16:00,11.38,13.64,11.05,13.505,38123471,88
10/8/20 15:00,10.34,11.9,9.31,11.3899,25099941,39
10/8/20 14:00,9.295,9.32,9.2,9.215,206188,82
10/8/20 13:00,9.265,9.3483,9.22,9.2989,372089,0
10/8/20 12:00,9.3181,9.34,9.22,9.27,501473,0
10/8/20 11:00,9.222,9.3785,9.19,9.32,399560,0
10/8/20 10:00,9.39,9.54,9.22,9.223,378979,0
10/8/20 9:00,9.3701,9.53,9.37,9.42,3562,0
10/8/20 8:00,9.46,9.46,9.46,9.46,300,0
10/7/20 19:00,9.38,9.38,9.36,9.36,524,0
10/7/20 18:00,9.45,9.4599,9.3902,9.4599,1512,0
10/7/20 17:00,9.36,9.38,9.36,9.38,97453,1
10/7/20 16:00,9.4799,9.52,9.32,9.35,779721,0
10/7/20 15:00,9.5,9.51,9.4,9.48,346530,0
10/7/20 14:00,9.54,9.56,9.44,9.4801,355112,0
10/7/20 13:00,9.38,9.545,9.37,9.545,493616,0
10/7/20 12:00,9.32,9.4099,9.25,9.385,488999,0
10/7/20 11:00,9.2225,9.33,9.1678,9.32,346700,0
10/7/20 10:00,9.3,9.34,9.1279,9.23,330021,0
10/7/20 9:00,9.3,9.4,9.22,9.33,4191,0
10/6/20 20:00,9.23,9.5,9.23,9.5,5516,0
10/6/20 19:00,9.24,9.26,9.19,9.26,2236,0
10/6/20 18:00,9.15,9.21,9.12,9.21,13235,0
10/6/20 17:00,9.29,9.29,9.13,9.15,14396,0
10/6/20 16:00,9.38,9.4,9.1,9.14,1106007,0
10/6/20 15:00,9.555,9.64,9.3,9.3801,561472,0
10/6/20 14:00,9.71,9.75,9.54,9.559,357641,0
10/6/20 13:00,9.7,9.835,9.62,9.7,514588,0
10/6/20 12:00,9.545,9.75,9.54,9.7,465584,0
10/6/20 11:00,9.4002,9.78,9.4,9.545,914660,0
10/6/20 10:00,9.59,9.6966,9.29,9.405,393231,0
10/6/20 9:00,9.6,9.65,9.56,9.59,4035,0
10/6/20 8:00,9.42,9.8,9.42,9.56,6968,0
10/6/20 7:00,9.5,9.5,9.43,9.43,650,0
10/5/20 20:00,9.52,9.54,9.43,9.53,2088,0
10/5/20 19:00,9.49,9.49,9.46,9.46,1420,0
10/5/20 18:00,9.5,9.51,9.5,9.51,801,0
10/5/20 17:00,9.46,9.52,9.36,9.5,29688,0
10/5/20 16:00,9.33,9.46,9.31,9.45,684589,0
10/5/20 15:00,9.2911,9.35,9.2502,9.335,255407,1
10/5/20 14:00,9.4,9.41,9.26,9.2907,212620,0
10/5/20 13:00,9.325,9.43,9.32,9.41,215110,0
10/5/20 12:00,9.373,9.4,9.31,9.325,240765,0
10/5/20 11:00,9.315,9.53,9.315,9.38,529873,0
10/5/20 10:00,9.46,9.59,9.305,9.315,599481,0
10/5/20 9:00,9.48,9.5999,9.36,9.5,4599,0
10/5/20 8:00,9.44,9.55,9.44,9.45,400,0
10/2/20 20:00,9.5,9.5,9.36,9.45,11362,0
10/2/20 19:00,9.3,9.35,9.18,9.2,15666,0
10/2/20 18:00,9.43,9.43,9.3,9.3,2779,0
10/2/20 17:00,9.39,9.46,9.39,9.4,9324,0
10/2/20 16:00,9.45,9.45,9.3,9.39,697119,0
10/2/20 15:00,9.4,9.48,9.39,9.44,557333,0
10/2/20 14:00,9.42,9.45,9.35,9.3994,284091,0
10/2/20 13:00,9.37,9.57,9.35,9.42,461587,0
10/2/20 12:00,9.5,9.61,9.35,9.37,483656,0
10/2/20 11:00,9.6,9.73,9.47,9.51,652567,0
10/2/20 10:00,9.34,9.78,9.34,9.6,1047548,0
10/2/20 9:00,9.5,9.5,9.03,9.3699,52186,0
10/2/20 8:00,9.5,9.5,9.02,9.44,26556,0
10/2/20 7:00,9.36,9.48,9.36,9.37,932,0
10/2/20 6:00,9.5,9.5,9.5,9.5,9452,0
10/2/20 5:00,9.5,9.5,9.49,9.49,4599,0
10/1/20 20:00,9.82,9.85,9.82,9.85,2000,0
10/1/20 19:00,9.8,9.8,9.72,9.73,12217,0
10/1/20 18:00,9.79,9.82,9.77,9.78,14313,0
10/1/20 17:00,9.91,9.9398,9.5,9.75,38955,0
10/1/20 16:00,9.7692,9.805,9.7,9.77,700818,0
10/1/20 15:00,9.87,9.89,9.72,9.7681,427280,0
10/1/20 14:00,9.895,9.995,9.86,9.87,461361,0
10/1/20 13:00,9.8931,9.9,9.69,9.89,617349,0
10/1/20 12:00,9.9108,9.9789,9.76,9.89,501219,0
10/1/20 11:00,9.9689,10,9.78,9.91,720029,0
10/1/20 10:00,10.26,10.2952,9.84,9.95,939229,0
10/1/20 9:00,10.2,10.48,10.2,10.28,10458,0
10/1/20 8:00,10.35,10.35,10.35,10.35,700,0
9/30/20 20:00,10.26,10.26,10.2599,10.2599,950,0
9/30/20 19:00,10.2,10.2,10.2,10.2,1000,0
9/30/20 18:00,10.15,10.25,10.1,10.1,13215,0
9/30/20 17:00,10.26,10.26,10.06,10.11,8304,0
9/30/20 16:00,10.255,10.26,10.06,10.21,979378,1
9/30/20 15:00,10.28,10.36,10.105,10.26,502111,0
9/30/20 14:00,10.401,10.401,10.27,10.27,398778,0
9/30/20 13:00,10.59,10.62,10.35,10.405,620137,0
9/30/20 12:00,10.68,10.7597,10.51,10.5997,794369,0
9/30/20 11:00,10.45,10.72,10.27,10.681,1464171,0
9/30/20 10:00,10.4,10.75,10.2212,10.46,978320,0
9/30/20 9:00,10.4999,10.55,10.25,10.3,2664,0
9/30/20 8:00,10.55,10.59,10.45,10.47,554,0
9/30/20 5:00,10.24,10.24,10.24,10.24,104,0
9/29/20 20:00,10.47,10.5,10.47,10.4999,887,0
9/29/20 19:00,10.4,10.58,10.4,10.5,5550,0
9/29/20 18:00,10.47,10.49,10.36,10.49,4217,0
9/29/20 17:00,10.4,10.53,10.4,10.4002,4338,0
9/29/20 16:00,10.485,10.62,10.31,10.35,876267,0
9/29/20 15:00,10.395,10.555,10.37,10.49,565321,0
9/29/20 14:00,10.37,10.45,10.24,10.395,545151,0
9/29/20 13:00,10.37,10.52,10.3132,10.37,357762,0
9/29/20 12:00,10.465,10.53,10.225,10.365,675987,0
9/29/20 11:00,10.45,10.65,10.28,10.4619,1019725,0
9/29/20 10:00,10.2,10.575,9.93,10.4503,1019859,0
9/29/20 9:00,10.6499,10.6499,10.01,10.2,49872,0
9/29/20 8:00,10.29,10.7,10.21,10.21,26853,0
9/28/20 20:00,10.15,10.39,10.15,10.35,13482,0
9/28/20 19:00,10.15,10.15,10.15,10.15,200,0
9/28/20 18:00,10.06,10.15,10.06,10.1,9234,0
9/28/20 17:00,10.01,10.2,9.9502,10.15,19637,0
9/28/20 16:00,9.935,10.13,9.91,10.09,1263178,0
9/28/20 15:00,9.91,10,9.84,9.94,534597,0
9/28/20 14:00,9.755,10.065,9.72,9.91,1251307,0
9/28/20 13:00,9.652,9.77,9.6,9.755,382902,0
9/28/20 12:00,9.7277,9.815,9.58,9.66,724237,0
9/28/20 11:00,9.68,9.98,9.625,9.73,1069126,0
9/28/20 10:00,10.21,10.33,9.55,9.675,1323596,0
9/28/20 9:00,10.5999,10.65,10.2,10.23,42869,0
9/28/20 8:00,10.56,10.6,10.4,10.49,9604,0
9/28/20 7:00,10.74,10.99,10.74,10.93,4646,0
9/28/20 5:00,10.74,10.74,10.74,10.74,205,0
9/25/20 20:00,10.18,10.18,10.03,10.1,3877,0
9/25/20 19:00,10.1,10.1,10.02,10.02,200,0
9/25/20 18:00,10.18,10.21,9.98,10.21,3673,0
9/25/20 17:00,10.02,10.05,9.8602,10.05,53164,0
9/25/20 16:00,10.0265,10.16,9.94,10.02,1212688,0
9/25/20 15:00,10,10.03,9.86,10.0211,508654,0
9/25/20 14:00,9.94,10.1599,9.85,9.99,848044,0
9/25/20 13:00,9.665,10.1826,9.62,9.93,1581487,0
9/25/20 12:00,9.46,9.75,9.455,9.67,851728,0
9/25/20 11:00,9.56,9.82,9.45,9.4538,1538286,0
9/25/20 10:00,9.28,9.59,9.05,9.57,828826,0
9/25/20 9:00,9.06,9.16,9.06,9.16,7636,0
9/25/20 8:00,9.14,9.16,9.06,9.08,2239,0
9/25/20 6:00,9.18,9.18,9.11,9.11,558,0
9/24/20 20:00,9.2101,9.32,9.2101,9.3,3166,0
9/24/20 19:00,9.2,9.35,9.2,9.3,5171,0
9/24/20 18:00,9.09,9.2,9.09,9.11,5448,0
9/24/20 17:00,9.18,9.19,9.02,9.09,39747,0
9/24/20 16:00,9.25,9.32,9.09,9.1352,1018238,0
9/24/20 15:00,9.36,9.555,9.255,9.2581,756532,0
9/24/20 14:00,9.17,9.3898,9.16,9.3589,768298,1
9/24/20 13:00,9.29,9.39,9.09,9.165,745550,0
9/24/20 12:00,9.16,9.29,9.01,9.285,1330891,0
9/24/20 11:00,9.24,9.52,9.1,9.16,1360102,0
9/24/20 10:00,9.82,9.98,9.09,9.235,1857396,0
9/24/20 9:00,10.0001,10.0399,9.8,9.8999,36716,0
9/24/20 8:00,9.98,10,9.81,9.85,6958,0
9/24/20 6:00,10.13,10.13,10.13,10.13,460,0
9/23/20 20:00,10,10,9.73,9.9,11661,0
9/23/20 19:00,9.95,9.98,9.95,9.95,7241,0
9/23/20 18:00,10.12,10.12,9.7,9.95,24001,0
9/23/20 17:00,10.07,10.17,9.9,10.11,117378,1
9/23/20 16:00,10.13,10.15,9.92,10.05,2091416,1
9/23/20 15:00,10.46,10.46,10.03,10.12,1093628,0
9/23/20 14:00,10.3,10.51,10.22,10.46,757361,0
9/23/20 13:00,10.2021,10.35,10.14,10.295,780443,0
9/23/20 12:00,10.305,10.32,10.06,10.205,1298628,0
9/23/20 11:00,10.43,10.6,10.28,10.31,1357214,0
9/23/20 10:00,10.46,10.86,10.34,10.41,2526278,0
9/23/20 9:00,10.8899,11,10.41,10.48,145809,0
9/23/20 8:00,10.75,11,10.6,10.92,35057,0
9/23/20 7:00,10.6,10.85,10.6,10.85,4270,0
9/23/20 6:00,10.5,10.5,10.5,10.5,564,0
9/23/20 5:00,10.7,10.7,10.5,10.5,3051,0
9/22/20 20:00,10.7,11,10.7,10.9,46312,1
9/22/20 19:00,10.72,10.88,10.57,10.7399,59204,0
9/22/20 18:00,10.55,10.72,10.52,10.71,23456,0
9/22/20 17:00,10.42,10.66,10.4,10.61,115989,0
9/22/20 16:00,10.6502,10.755,10.5,10.555,2072687,0
9/22/20 15:00,10.71,10.805,10.5,10.655,1961501,1
9/22/20 14:00,10.4635,10.86,10.45,10.71,2263126,0
9/22/20 13:00,10.6458,10.66,10.43,10.4601,1908027,0
9/22/20 12:00,10.3234,10.65,10.22,10.65,3350634,0
9/22/20 11:00,10.1883,10.76,9.9,10.328,9047565,0
9/22/20 10:00,10.43,11.1699,10.02,10.185,11462904,0
9/22/20 9:00,10.33,11.24,9.85,10.43,1261358,0
9/22/20 8:00,9.82,11.24,9.8,10.34,1049148,0
9/22/20 7:00,9.88,10.01,9.81,9.99,48629,0
9/22/20 6:00,9.87,9.88,9.75,9.88,10729,0
9/22/20 5:00,9.7,9.88,9.66,9.88,21171,0
9/21/20 20:00,9.38,9.56,9.37,9.56,10386,0
9/21/20 19:00,9.32,9.38,9.29,9.38,13230,0
9/21/20 18:00,9.23,9.4,9.14,9.14,85682,0
9/21/20 17:00,8.9,9.56,8.79,9.21,252982,0
9/21/20 16:00,8.555,8.79,8.555,8.75,934231,0
9/21/20 15:00,8.6623,8.72,8.54,8.56,497889,0
9/21/20 14:00,8.71,8.8,8.65,8.66,558138,0
9/21/20 13:00,8.67,8.7466,8.66,8.7,450792,0
9/21/20 12:00,8.45,8.7461,8.43,8.66,1107287,0
9/21/20 11:00,9.3,9.3,8.38,8.455,2147415,0
9/21/20 10:00,9.2001,9.6,9.1,9.3,1255559,0
9/21/20 9:00,9.2501,9.34,9.11,9.24,27421,0
9/21/20 8:00,9.3,9.39,9.11,9.2,9271,0
9/21/20 7:00,9.03,9.03,9,9,1600,0
9/21/20 6:00,9.37,9.46,9.37,9.46,1212,0
9/21/20 5:00,9.37,9.47,9.37,9.37,6880,0
9/18/20 20:00,9.28,9.4,9.22,9.37,11518,0
9/18/20 19:00,9.31,9.31,9.31,9.31,100,0
9/18/20 18:00,9.42,9.4698,9.2,9.3,77530,0
9/18/20 17:00,9.43,9.55,9.28,9.44,205793,0
9/18/20 16:00,9.55,9.65,9.405,9.45,2307749,0
9/18/20 15:00,9.7,9.75,9.35,9.545,1759393,0
9/18/20 14:00,9.325,9.77,9.325,9.692,3004346,0
9/18/20 13:00,9.29,9.64,9.25,9.33,1650078,0
9/18/20 12:00,9.36,9.36,9.16,9.2989,638708,0
9/18/20 11:00,9.05,9.3606,8.9622,9.3606,1127982,0
9/18/20 10:00,9.02,9.65,8.91,9.03,2106421,0
9/18/20 9:00,9.07,9.35,9,9.02,48478,0
9/18/20 8:00,9.02,9.35,9.02,9.22,2308,1
9/18/20 6:00,8.94,8.94,8.94,8.94,258,0
9/18/20 5:00,8.94,8.94,8.94,8.94,199,0
9/17/20 20:00,8.9999,9.01,8.95,8.95,45025,0
9/17/20 19:00,9.12,9.12,8.89,8.98,92553,1
9/17/20 18:00,9.15,9.25,9.02,9.07,24176,3
9/17/20 17:00,9.05,9.45,9.01,9.15,90151,0
9/17/20 16:00,8.83,9.205,8.75,9.2,1794635,2
9/17/20 15:00,9.21,9.25,8.72,8.8299,1981122,0
9/17/20 14:00,9.1889,9.29,9.17,9.2055,1220261,0
9/17/20 13:00,9.24,9.27,9.135,9.1889,1040719,0
9/17/20 12:00,9.1899,9.29,9.0873,9.235,2281793,0
9/17/20 11:00,9.125,9.29,8.85,9.19,2878707,0
9/17/20 10:00,8.57,9.77,8.32,9.1361,5232721,0
9/17/20 9:00,8.7,8.9,8.3508,8.6,46538,0
9/17/20 8:00,8.93,8.93,8.49,8.5,15760,0
9/17/20 7:00,8.88,8.9,8.88,8.9,4901,0
9/17/20 6:00,8.8,8.81,8.8,8.8,900,0
9/17/20 5:00,8.86,8.95,8.68,8.68,9835,0
9/16/20 20:00,8.77,8.93,8.74,8.93,67709,0
9/16/20 19:00,8.8,8.8,8.69,8.75,23355,0
9/16/20 18:00,8.77,8.9,8.65,8.75,71689,0
9/16/20 17:00,8.7198,8.85,8.46,8.77,122628,0
9/16/20 16:00,8.46,8.76,8.445,8.68,3500464,5
9/16/20 15:00,8.95,9.04,8.29,8.46,3497944,2
9/16/20 14:00,8.08,8.98,8.01,8.9498,4375586,0
9/16/20 13:00,7.915,8.24,7.6589,8.09,2559845,2
9/16/20 12:00,7.24,8.03,7.2311,7.92,2688614,0
9/16/20 11:00,7.11,7.43,7.08,7.24,1683338,2
9/16/20 10:00,7.06,7.19,6.9888,7.11,453898,0
9/16/20 9:00,7.0201,7.14,7.02,7.06,1754,0
9/16/20 8:00,7.1,7.1,6.93,6.93,1805,0
9/15/20 20:00,7.1,7.1,7.09,7.1,21413,0
9/15/20 19:00,7.1,7.1,7,7.1,9865,0
9/15/20 18:00,7.05,7.1,7.02,7.0201,1765,0
9/15/20 17:00,7.09,7.14,6.96,7.05,5765,0
9/15/20 16:00,7.105,7.11,6.97,7.08,1005042,0
9/15/20 15:00,7.105,7.13,7.045,7.1,343584,0
9/15/20 14:00,7.131,7.21,7.04,7.11,605747,0
9/15/20 13:00,6.945,7.14,6.93,7.1302,480021,0
9/15/20 12:00,7.1801,7.19,6.925,6.9489,573402,0
9/15/20 11:00,6.7956,7.26,6.76,7.185,1860709,0
9/15/20 10:00,7,7,6.685,6.79,773713,0
9/15/20 9:00,6.9399,7.13,6.9298,6.99,21206,0
9/15/20 8:00,6.92,7,6.92,7,6235,0
9/14/20 20:00,6.98,7,6.92,6.92,10576,0
9/14/20 19:00,7.07,7.07,6.99,6.99,1616,0
9/14/20 18:00,6.9999,7.08,6.98,7.08,28538,0
9/14/20 17:00,6.9,7,6.76,6.9102,15665,0
9/14/20 16:00,6.795,7,6.775,6.91,2232635,0
9/14/20 15:00,6.745,6.82,6.68,6.795,752693,0
9/14/20 14:00,6.738,6.77,6.585,6.74,764612,0
9/14/20 13:00,6.6282,6.78,6.59,6.73,1626465,1
9/14/20 12:00,6.61,6.71,6.545,6.63,675732,1
9/14/20 11:00,6.59,6.76,6.48,6.62,1275001,2
9/14/20 10:00,6.81,7,6.43,6.59,2404969,0
9/14/20 9:00,6.8755,6.98,6.52,6.8,181079,0
9/14/20 8:00,6.65,6.98,6.52,6.84,106580,0
9/14/20 7:00,6.54,6.54,6.54,6.54,149,0
9/14/20 6:00,6.59,6.6,6.58,6.6,8412,0
9/14/20 5:00,6.36,6.6,6.33,6.48,4379,0